filepath,filename,class,label
data/raw/NEU-CLS/scratches/scratches_111.jpg,scratches_111.jpg,scratches,5
data/raw/NEU-CLS/scratches/scratches_284.jpg,scratches_284.jpg,scratches,5
data/raw/NEU-CLS/patches/patches_164.jpg,patches_164.jpg,patches,2
data/raw/NEU-CLS/crazing/crazing_169.jpg,crazing_169.jpg,crazing,0
data/raw/NEU-CLS/scratches/scratches_158.jpg,scratches_158.jpg,scratches,5
data/raw/NEU-CLS/crazing/crazing_105.jpg,crazing_105.jpg,crazing,0
data/raw/NEU-CLS/crazing/crazing_59.jpg,crazing_59.jpg,crazing,0
data/raw/NEU-CLS/crazing/crazing_47.jpg,crazing_47.jpg,crazing,0
data/raw/NEU-CLS/inclusion/inclusion_43.jpg,inclusion_43.jpg,inclusion,1
data/raw/NEU-CLS/pitted_surface/pitted_surface_188.jpg,pitted_surface_188.jpg,pitted_surface,3
data/raw/NEU-CLS/scratches/scratches_219.jpg,scratches_219.jpg,scratches,5
data/raw/NEU-CLS/patches/patches_56.jpg,patches_56.jpg,patches,2
data/raw/NEU-CLS/patches/patches_261.jpg,patches_261.jpg,patches,2
data/raw/NEU-CLS/pitted_surface/pitted_surface_209.jpg,pitted_surface_209.jpg,pitted_surface,3
data/raw/NEU-CLS/inclusion/inclusion_223.jpg,inclusion_223.jpg,inclusion,1
data/raw/NEU-CLS/pitted_surface/pitted_surface_27.jpg,pitted_surface_27.jpg,pitted_surface,3
data/raw/NEU-CLS/rolled-in_scale/rolled-in_scale_127.jpg,rolled-in_scale_127.jpg,rolled-in_scale,4
data/raw/NEU-CLS/crazing/crazing_28.jpg,crazing_28.jpg,crazing,0
data/raw/NEU-CLS/inclusion/inclusion_278.jpg,inclusion_278.jpg,inclusion,1
data/raw/NEU-CLS/patches/patches_131.jpg,patches_131.jpg,patches,2
data/raw/NEU-CLS/pitted_surface/pitted_surface_213.jpg,pitted_surface_213.jpg,pitted_surface,3
data/raw/NEU-CLS/rolled-in_scale/rolled-in_scale_192.jpg,rolled-in_scale_192.jpg,rolled-in_scale,4
data/raw/NEU-CLS/crazing/crazing_274.jpg,crazing_274.jpg,crazing,0
data/raw/NEU-CLS/patches/patches_255.jpg,patches_255.jpg,patches,2
data/raw/NEU-CLS/rolled-in_scale/rolled-in_scale_71.jpg,rolled-in_scale_71.jpg,rolled-in_scale,4
data/raw/NEU-CLS/patches/patches_83.jpg,patches_83.jpg,patches,2
data/raw/NEU-CLS/crazing/crazing_49.jpg,crazing_49.jpg,crazing,0
data/raw/NEU-CLS/inclusion/inclusion_54.jpg,inclusion_54.jpg,inclusion,1
data/raw/NEU-CLS/crazing/crazing_44.jpg,crazing_44.jpg,crazing,0
data/raw/NEU-CLS/scratches/scratches_223.jpg,scratches_223.jpg,scratches,5
data/raw/NEU-CLS/inclusion/inclusion_85.jpg,inclusion_85.jpg,inclusion,1
data/raw/NEU-CLS/crazing/crazing_29.jpg,crazing_29.jpg,crazing,0
data/raw/NEU-CLS/patches/patches_214.jpg,patches_214.jpg,patches,2
data/raw/NEU-CLS/crazing/crazing_281.jpg,crazing_281.jpg,crazing,0
data/raw/NEU-CLS/inclusion/inclusion_120.jpg,inclusion_120.jpg,inclusion,1
data/raw/NEU-CLS/inclusion/inclusion_126.jpg,inclusion_126.jpg,inclusion,1
data/raw/NEU-CLS/pitted_surface/pitted_surface_146.jpg,pitted_surface_146.jpg,pitted_surface,3
data/raw/NEU-CLS/patches/patches_60.jpg,patches_60.jpg,patches,2
data/raw/NEU-CLS/inclusion/inclusion_300.jpg,inclusion_300.jpg,inclusion,1
data/raw/NEU-CLS/scratches/scratches_101.jpg,scratches_101.jpg,scratches,5
data/raw/NEU-CLS/scratches/scratches_59.jpg,scratches_59.jpg,scratches,5
data/raw/NEU-CLS/scratches/scratches_19.jpg,scratches_19.jpg,scratches,5
data/raw/NEU-CLS/rolled-in_scale/rolled-in_scale_265.jpg,rolled-in_scale_265.jpg,rolled-in_scale,4
data/raw/NEU-CLS/rolled-in_scale/rolled-in_scale_173.jpg,rolled-in_scale_173.jpg,rolled-in_scale,4
data/raw/NEU-CLS/patches/patches_45.jpg,patches_45.jpg,patches,2
data/raw/NEU-CLS/pitted_surface/pitted_surface_149.jpg,pitted_surface_149.jpg,pitted_surface,3
data/raw/NEU-CLS/rolled-in_scale/rolled-in_scale_156.jpg,rolled-in_scale_156.jpg,rolled-in_scale,4
data/raw/NEU-CLS/pitted_surface/pitted_surface_260.jpg,pitted_surface_260.jpg,pitted_surface,3
data/raw/NEU-CLS/crazing/crazing_289.jpg,crazing_289.jpg,crazing,0
data/raw/NEU-CLS/crazing/crazing_282.jpg,crazing_282.jpg,crazing,0
data/raw/NEU-CLS/crazing/crazing_266.jpg,crazing_266.jpg,crazing,0
data/raw/NEU-CLS/crazing/crazing_127.jpg,crazing_127.jpg,crazing,0
data/raw/NEU-CLS/pitted_surface/pitted_surface_73.jpg,pitted_surface_73.jpg,pitted_surface,3
data/raw/NEU-CLS/patches/patches_26.jpg,patches_26.jpg,patches,2
data/raw/NEU-CLS/scratches/scratches_240.jpg,scratches_240.jpg,scratches,5
data/raw/NEU-CLS/patches/patches_157.jpg,patches_157.jpg,patches,2
data/raw/NEU-CLS/scratches/scratches_112.jpg,scratches_112.jpg,scratches,5
data/raw/NEU-CLS/crazing/crazing_18.jpg,crazing_18.jpg,crazing,0
data/raw/NEU-CLS/rolled-in_scale/rolled-in_scale_125.jpg,rolled-in_scale_125.jpg,rolled-in_scale,4
data/raw/NEU-CLS/scratches/scratches_298.jpg,scratches_298.jpg,scratches,5
data/raw/NEU-CLS/pitted_surface/pitted_surface_131.jpg,pitted_surface_131.jpg,pitted_surface,3
data/raw/NEU-CLS/scratches/scratches_211.jpg,scratches_211.jpg,scratches,5
data/raw/NEU-CLS/rolled-in_scale/rolled-in_scale_62.jpg,rolled-in_scale_62.jpg,rolled-in_scale,4
data/raw/NEU-CLS/scratches/scratches_118.jpg,scratches_118.jpg,scratches,5
data/raw/NEU-CLS/inclusion/inclusion_166.jpg,inclusion_166.jpg,inclusion,1
data/raw/NEU-CLS/inclusion/inclusion_168.jpg,inclusion_168.jpg,inclusion,1
data/raw/NEU-CLS/crazing/crazing_263.jpg,crazing_263.jpg,crazing,0
data/raw/NEU-CLS/crazing/crazing_113.jpg,crazing_113.jpg,crazing,0
data/raw/NEU-CLS/patches/patches_111.jpg,patches_111.jpg,patches,2
data/raw/NEU-CLS/rolled-in_scale/rolled-in_scale_208.jpg,rolled-in_scale_208.jpg,rolled-in_scale,4
data/raw/NEU-CLS/patches/patches_299.jpg,patches_299.jpg,patches,2
data/raw/NEU-CLS/crazing/crazing_35.jpg,crazing_35.jpg,crazing,0
data/raw/NEU-CLS/rolled-in_scale/rolled-in_scale_224.jpg,rolled-in_scale_224.jpg,rolled-in_scale,4
data/raw/NEU-CLS/patches/patches_39.jpg,patches_39.jpg,patches,2
data/raw/NEU-CLS/scratches/scratches_248.jpg,scratches_248.jpg,scratches,5
data/raw/NEU-CLS/pitted_surface/pitted_surface_63.jpg,pitted_surface_63.jpg,pitted_surface,3
data/raw/NEU-CLS/crazing/crazing_300.jpg,crazing_300.jpg,crazing,0
data/raw/NEU-CLS/scratches/scratches_27.jpg,scratches_27.jpg,scratches,5
data/raw/NEU-CLS/crazing/crazing_41.jpg,crazing_41.jpg,crazing,0
data/raw/NEU-CLS/crazing/crazing_26.jpg,crazing_26.jpg,crazing,0
data/raw/NEU-CLS/crazing/crazing_229.jpg,crazing_229.jpg,crazing,0
data/raw/NEU-CLS/inclusion/inclusion_153.jpg,inclusion_153.jpg,inclusion,1
data/raw/NEU-CLS/crazing/crazing_129.jpg,crazing_129.jpg,crazing,0
data/raw/NEU-CLS/crazing/crazing_152.jpg,crazing_152.jpg,crazing,0
data/raw/NEU-CLS/rolled-in_scale/rolled-in_scale_92.jpg,rolled-in_scale_92.jpg,rolled-in_scale,4
data/raw/NEU-CLS/rolled-in_scale/rolled-in_scale_231.jpg,rolled-in_scale_231.jpg,rolled-in_scale,4
data/raw/NEU-CLS/pitted_surface/pitted_surface_255.jpg,pitted_surface_255.jpg,pitted_surface,3
data/raw/NEU-CLS/patches/patches_72.jpg,patches_72.jpg,patches,2
data/raw/NEU-CLS/crazing/crazing_5.jpg,crazing_5.jpg,crazing,0
data/raw/NEU-CLS/scratches/scratches_197.jpg,scratches_197.jpg,scratches,5
data/raw/NEU-CLS/scratches/scratches_252.jpg,scratches_252.jpg,scratches,5
data/raw/NEU-CLS/crazing/crazing_227.jpg,crazing_227.jpg,crazing,0
data/raw/NEU-CLS/rolled-in_scale/rolled-in_scale_29.jpg,rolled-in_scale_29.jpg,rolled-in_scale,4
data/raw/NEU-CLS/inclusion/inclusion_203.jpg,inclusion_203.jpg,inclusion,1
data/raw/NEU-CLS/scratches/scratches_280.jpg,scratches_280.jpg,scratches,5
data/raw/NEU-CLS/patches/patches_122.jpg,patches_122.jpg,patches,2
data/raw/NEU-CLS/crazing/crazing_19.jpg,crazing_19.jpg,crazing,0
data/raw/NEU-CLS/pitted_surface/pitted_surface_267.jpg,pitted_surface_267.jpg,pitted_surface,3
data/raw/NEU-CLS/rolled-in_scale/rolled-in_scale_204.jpg,rolled-in_scale_204.jpg,rolled-in_scale,4
data/raw/NEU-CLS/inclusion/inclusion_48.jpg,inclusion_48.jpg,inclusion,1
data/raw/NEU-CLS/patches/patches_195.jpg,patches_195.jpg,patches,2
data/raw/NEU-CLS/patches/patches_179.jpg,patches_179.jpg,patches,2
data/raw/NEU-CLS/scratches/scratches_238.jpg,scratches_238.jpg,scratches,5
data/raw/NEU-CLS/scratches/scratches_233.jpg,scratches_233.jpg,scratches,5
data/raw/NEU-CLS/crazing/crazing_96.jpg,crazing_96.jpg,crazing,0
data/raw/NEU-CLS/inclusion/inclusion_109.jpg,inclusion_109.jpg,inclusion,1
data/raw/NEU-CLS/inclusion/inclusion_218.jpg,inclusion_218.jpg,inclusion,1
data/raw/NEU-CLS/scratches/scratches_210.jpg,scratches_210.jpg,scratches,5
data/raw/NEU-CLS/pitted_surface/pitted_surface_217.jpg,pitted_surface_217.jpg,pitted_surface,3
data/raw/NEU-CLS/pitted_surface/pitted_surface_137.jpg,pitted_surface_137.jpg,pitted_surface,3
data/raw/NEU-CLS/crazing/crazing_86.jpg,crazing_86.jpg,crazing,0
data/raw/NEU-CLS/scratches/scratches_136.jpg,scratches_136.jpg,scratches,5
data/raw/NEU-CLS/crazing/crazing_283.jpg,crazing_283.jpg,crazing,0
data/raw/NEU-CLS/scratches/scratches_271.jpg,scratches_271.jpg,scratches,5
data/raw/NEU-CLS/scratches/scratches_254.jpg,scratches_254.jpg,scratches,5
data/raw/NEU-CLS/pitted_surface/pitted_surface_294.jpg,pitted_surface_294.jpg,pitted_surface,3
data/raw/NEU-CLS/pitted_surface/pitted_surface_212.jpg,pitted_surface_212.jpg,pitted_surface,3
data/raw/NEU-CLS/crazing/crazing_174.jpg,crazing_174.jpg,crazing,0
data/raw/NEU-CLS/inclusion/inclusion_287.jpg,inclusion_287.jpg,inclusion,1
data/raw/NEU-CLS/pitted_surface/pitted_surface_271.jpg,pitted_surface_271.jpg,pitted_surface,3
data/raw/NEU-CLS/rolled-in_scale/rolled-in_scale_283.jpg,rolled-in_scale_283.jpg,rolled-in_scale,4
data/raw/NEU-CLS/patches/patches_141.jpg,patches_141.jpg,patches,2
data/raw/NEU-CLS/crazing/crazing_100.jpg,crazing_100.jpg,crazing,0
data/raw/NEU-CLS/crazing/crazing_120.jpg,crazing_120.jpg,crazing,0
data/raw/NEU-CLS/scratches/scratches_49.jpg,scratches_49.jpg,scratches,5
data/raw/NEU-CLS/patches/patches_85.jpg,patches_85.jpg,patches,2
data/raw/NEU-CLS/pitted_surface/pitted_surface_288.jpg,pitted_surface_288.jpg,pitted_surface,3
data/raw/NEU-CLS/scratches/scratches_189.jpg,scratches_189.jpg,scratches,5
data/raw/NEU-CLS/pitted_surface/pitted_surface_272.jpg,pitted_surface_272.jpg,pitted_surface,3
data/raw/NEU-CLS/inclusion/inclusion_149.jpg,inclusion_149.jpg,inclusion,1
data/raw/NEU-CLS/scratches/scratches_175.jpg,scratches_175.jpg,scratches,5
data/raw/NEU-CLS/rolled-in_scale/rolled-in_scale_24.jpg,rolled-in_scale_24.jpg,rolled-in_scale,4
data/raw/NEU-CLS/crazing/crazing_299.jpg,crazing_299.jpg,crazing,0
data/raw/NEU-CLS/patches/patches_178.jpg,patches_178.jpg,patches,2
data/raw/NEU-CLS/crazing/crazing_156.jpg,crazing_156.jpg,crazing,0
data/raw/NEU-CLS/crazing/crazing_3.jpg,crazing_3.jpg,crazing,0
data/raw/NEU-CLS/crazing/crazing_220.jpg,crazing_220.jpg,crazing,0
data/raw/NEU-CLS/inclusion/inclusion_112.jpg,inclusion_112.jpg,inclusion,1
data/raw/NEU-CLS/inclusion/inclusion_215.jpg,inclusion_215.jpg,inclusion,1
data/raw/NEU-CLS/patches/patches_275.jpg,patches_275.jpg,patches,2
data/raw/NEU-CLS/patches/patches_168.jpg,patches_168.jpg,patches,2
data/raw/NEU-CLS/inclusion/inclusion_46.jpg,inclusion_46.jpg,inclusion,1
data/raw/NEU-CLS/rolled-in_scale/rolled-in_scale_60.jpg,rolled-in_scale_60.jpg,rolled-in_scale,4
data/raw/NEU-CLS/patches/patches_268.jpg,patches_268.jpg,patches,2
data/raw/NEU-CLS/crazing/crazing_145.jpg,crazing_145.jpg,crazing,0
data/raw/NEU-CLS/inclusion/inclusion_6.jpg,inclusion_6.jpg,inclusion,1
data/raw/NEU-CLS/crazing/crazing_165.jpg,crazing_165.jpg,crazing,0
data/raw/NEU-CLS/pitted_surface/pitted_surface_24.jpg,pitted_surface_24.jpg,pitted_surface,3
data/raw/NEU-CLS/pitted_surface/pitted_surface_81.jpg,pitted_surface_81.jpg,pitted_surface,3
data/raw/NEU-CLS/crazing/crazing_82.jpg,crazing_82.jpg,crazing,0
data/raw/NEU-CLS/patches/patches_236.jpg,patches_236.jpg,patches,2
data/raw/NEU-CLS/pitted_surface/pitted_surface_145.jpg,pitted_surface_145.jpg,pitted_surface,3
data/raw/NEU-CLS/inclusion/inclusion_30.jpg,inclusion_30.jpg,inclusion,1
data/raw/NEU-CLS/pitted_surface/pitted_surface_150.jpg,pitted_surface_150.jpg,pitted_surface,3
data/raw/NEU-CLS/rolled-in_scale/rolled-in_scale_254.jpg,rolled-in_scale_254.jpg,rolled-in_scale,4
data/raw/NEU-CLS/pitted_surface/pitted_surface_280.jpg,pitted_surface_280.jpg,pitted_surface,3
data/raw/NEU-CLS/scratches/scratches_166.jpg,scratches_166.jpg,scratches,5
data/raw/NEU-CLS/scratches/scratches_299.jpg,scratches_299.jpg,scratches,5
data/raw/NEU-CLS/inclusion/inclusion_32.jpg,inclusion_32.jpg,inclusion,1
data/raw/NEU-CLS/scratches/scratches_296.jpg,scratches_296.jpg,scratches,5
data/raw/NEU-CLS/crazing/crazing_102.jpg,crazing_102.jpg,crazing,0
data/raw/NEU-CLS/patches/patches_267.jpg,patches_267.jpg,patches,2
data/raw/NEU-CLS/rolled-in_scale/rolled-in_scale_211.jpg,rolled-in_scale_211.jpg,rolled-in_scale,4
data/raw/NEU-CLS/pitted_surface/pitted_surface_147.jpg,pitted_surface_147.jpg,pitted_surface,3
data/raw/NEU-CLS/patches/patches_199.jpg,patches_199.jpg,patches,2
data/raw/NEU-CLS/pitted_surface/pitted_surface_229.jpg,pitted_surface_229.jpg,pitted_surface,3
data/raw/NEU-CLS/pitted_surface/pitted_surface_178.jpg,pitted_surface_178.jpg,pitted_surface,3
data/raw/NEU-CLS/crazing/crazing_183.jpg,crazing_183.jpg,crazing,0
data/raw/NEU-CLS/patches/patches_159.jpg,patches_159.jpg,patches,2
data/raw/NEU-CLS/pitted_surface/pitted_surface_141.jpg,pitted_surface_141.jpg,pitted_surface,3
data/raw/NEU-CLS/pitted_surface/pitted_surface_298.jpg,pitted_surface_298.jpg,pitted_surface,3
data/raw/NEU-CLS/rolled-in_scale/rolled-in_scale_90.jpg,rolled-in_scale_90.jpg,rolled-in_scale,4
data/raw/NEU-CLS/crazing/crazing_42.jpg,crazing_42.jpg,crazing,0
data/raw/NEU-CLS/patches/patches_288.jpg,patches_288.jpg,patches,2
data/raw/NEU-CLS/crazing/crazing_213.jpg,crazing_213.jpg,crazing,0
data/raw/NEU-CLS/patches/patches_139.jpg,patches_139.jpg,patches,2
data/raw/NEU-CLS/crazing/crazing_265.jpg,crazing_265.jpg,crazing,0
data/raw/NEU-CLS/crazing/crazing_112.jpg,crazing_112.jpg,crazing,0
data/raw/NEU-CLS/rolled-in_scale/rolled-in_scale_142.jpg,rolled-in_scale_142.jpg,rolled-in_scale,4
data/raw/NEU-CLS/pitted_surface/pitted_surface_16.jpg,pitted_surface_16.jpg,pitted_surface,3
data/raw/NEU-CLS/pitted_surface/pitted_surface_241.jpg,pitted_surface_241.jpg,pitted_surface,3
data/raw/NEU-CLS/crazing/crazing_32.jpg,crazing_32.jpg,crazing,0
data/raw/NEU-CLS/rolled-in_scale/rolled-in_scale_263.jpg,rolled-in_scale_263.jpg,rolled-in_scale,4
data/raw/NEU-CLS/scratches/scratches_84.jpg,scratches_84.jpg,scratches,5
data/raw/NEU-CLS/pitted_surface/pitted_surface_42.jpg,pitted_surface_42.jpg,pitted_surface,3
data/raw/NEU-CLS/inclusion/inclusion_162.jpg,inclusion_162.jpg,inclusion,1
data/raw/NEU-CLS/crazing/crazing_30.jpg,crazing_30.jpg,crazing,0
data/raw/NEU-CLS/inclusion/inclusion_65.jpg,inclusion_65.jpg,inclusion,1
data/raw/NEU-CLS/inclusion/inclusion_216.jpg,inclusion_216.jpg,inclusion,1
data/raw/NEU-CLS/rolled-in_scale/rolled-in_scale_198.jpg,rolled-in_scale_198.jpg,rolled-in_scale,4
data/raw/NEU-CLS/inclusion/inclusion_9.jpg,inclusion_9.jpg,inclusion,1
data/raw/NEU-CLS/rolled-in_scale/rolled-in_scale_242.jpg,rolled-in_scale_242.jpg,rolled-in_scale,4
data/raw/NEU-CLS/inclusion/inclusion_191.jpg,inclusion_191.jpg,inclusion,1
data/raw/NEU-CLS/inclusion/inclusion_222.jpg,inclusion_222.jpg,inclusion,1
data/raw/NEU-CLS/pitted_surface/pitted_surface_248.jpg,pitted_surface_248.jpg,pitted_surface,3
data/raw/NEU-CLS/inclusion/inclusion_21.jpg,inclusion_21.jpg,inclusion,1
data/raw/NEU-CLS/scratches/scratches_168.jpg,scratches_168.jpg,scratches,5
data/raw/NEU-CLS/inclusion/inclusion_197.jpg,inclusion_197.jpg,inclusion,1
data/raw/NEU-CLS/patches/patches_148.jpg,patches_148.jpg,patches,2
data/raw/NEU-CLS/rolled-in_scale/rolled-in_scale_199.jpg,rolled-in_scale_199.jpg,rolled-in_scale,4
data/raw/NEU-CLS/inclusion/inclusion_25.jpg,inclusion_25.jpg,inclusion,1
data/raw/NEU-CLS/patches/patches_4.jpg,patches_4.jpg,patches,2
data/raw/NEU-CLS/pitted_surface/pitted_surface_163.jpg,pitted_surface_163.jpg,pitted_surface,3
data/raw/NEU-CLS/crazing/crazing_6.jpg,crazing_6.jpg,crazing,0
data/raw/NEU-CLS/pitted_surface/pitted_surface_45.jpg,pitted_surface_45.jpg,pitted_surface,3
data/raw/NEU-CLS/inclusion/inclusion_24.jpg,inclusion_24.jpg,inclusion,1
data/raw/NEU-CLS/scratches/scratches_110.jpg,scratches_110.jpg,scratches,5
data/raw/NEU-CLS/inclusion/inclusion_8.jpg,inclusion_8.jpg,inclusion,1
data/raw/NEU-CLS/crazing/crazing_79.jpg,crazing_79.jpg,crazing,0
data/raw/NEU-CLS/crazing/crazing_247.jpg,crazing_247.jpg,crazing,0
data/raw/NEU-CLS/inclusion/inclusion_163.jpg,inclusion_163.jpg,inclusion,1
data/raw/NEU-CLS/inclusion/inclusion_250.jpg,inclusion_250.jpg,inclusion,1
data/raw/NEU-CLS/pitted_surface/pitted_surface_120.jpg,pitted_surface_120.jpg,pitted_surface,3
data/raw/NEU-CLS/pitted_surface/pitted_surface_55.jpg,pitted_surface_55.jpg,pitted_surface,3
data/raw/NEU-CLS/pitted_surface/pitted_surface_12.jpg,pitted_surface_12.jpg,pitted_surface,3
data/raw/NEU-CLS/patches/patches_132.jpg,patches_132.jpg,patches,2
data/raw/NEU-CLS/crazing/crazing_272.jpg,crazing_272.jpg,crazing,0
data/raw/NEU-CLS/scratches/scratches_155.jpg,scratches_155.jpg,scratches,5
data/raw/NEU-CLS/scratches/scratches_38.jpg,scratches_38.jpg,scratches,5
data/raw/NEU-CLS/crazing/crazing_58.jpg,crazing_58.jpg,crazing,0
data/raw/NEU-CLS/patches/patches_233.jpg,patches_233.jpg,patches,2
data/raw/NEU-CLS/scratches/scratches_145.jpg,scratches_145.jpg,scratches,5
data/raw/NEU-CLS/inclusion/inclusion_139.jpg,inclusion_139.jpg,inclusion,1
data/raw/NEU-CLS/scratches/scratches_213.jpg,scratches_213.jpg,scratches,5
data/raw/NEU-CLS/crazing/crazing_224.jpg,crazing_224.jpg,crazing,0
data/raw/NEU-CLS/crazing/crazing_93.jpg,crazing_93.jpg,crazing,0
data/raw/NEU-CLS/scratches/scratches_29.jpg,scratches_29.jpg,scratches,5
data/raw/NEU-CLS/rolled-in_scale/rolled-in_scale_246.jpg,rolled-in_scale_246.jpg,rolled-in_scale,4
data/raw/NEU-CLS/scratches/scratches_127.jpg,scratches_127.jpg,scratches,5
data/raw/NEU-CLS/patches/patches_193.jpg,patches_193.jpg,patches,2
data/raw/NEU-CLS/patches/patches_300.jpg,patches_300.jpg,patches,2
data/raw/NEU-CLS/inclusion/inclusion_259.jpg,inclusion_259.jpg,inclusion,1
data/raw/NEU-CLS/patches/patches_154.jpg,patches_154.jpg,patches,2
data/raw/NEU-CLS/scratches/scratches_138.jpg,scratches_138.jpg,scratches,5
data/raw/NEU-CLS/rolled-in_scale/rolled-in_scale_214.jpg,rolled-in_scale_214.jpg,rolled-in_scale,4
data/raw/NEU-CLS/crazing/crazing_39.jpg,crazing_39.jpg,crazing,0
data/raw/NEU-CLS/rolled-in_scale/rolled-in_scale_236.jpg,rolled-in_scale_236.jpg,rolled-in_scale,4
data/raw/NEU-CLS/inclusion/inclusion_159.jpg,inclusion_159.jpg,inclusion,1
data/raw/NEU-CLS/scratches/scratches_42.jpg,scratches_42.jpg,scratches,5
data/raw/NEU-CLS/pitted_surface/pitted_surface_82.jpg,pitted_surface_82.jpg,pitted_surface,3
data/raw/NEU-CLS/patches/patches_126.jpg,patches_126.jpg,patches,2
data/raw/NEU-CLS/pitted_surface/pitted_surface_104.jpg,pitted_surface_104.jpg,pitted_surface,3
data/raw/NEU-CLS/inclusion/inclusion_90.jpg,inclusion_90.jpg,inclusion,1
data/raw/NEU-CLS/pitted_surface/pitted_surface_43.jpg,pitted_surface_43.jpg,pitted_surface,3
data/raw/NEU-CLS/patches/patches_20.jpg,patches_20.jpg,patches,2
data/raw/NEU-CLS/crazing/crazing_221.jpg,crazing_221.jpg,crazing,0
data/raw/NEU-CLS/patches/patches_117.jpg,patches_117.jpg,patches,2
data/raw/NEU-CLS/scratches/scratches_109.jpg,scratches_109.jpg,scratches,5
data/raw/NEU-CLS/pitted_surface/pitted_surface_296.jpg,pitted_surface_296.jpg,pitted_surface,3
data/raw/NEU-CLS/patches/patches_169.jpg,patches_169.jpg,patches,2
data/raw/NEU-CLS/pitted_surface/pitted_surface_192.jpg,pitted_surface_192.jpg,pitted_surface,3
data/raw/NEU-CLS/scratches/scratches_226.jpg,scratches_226.jpg,scratches,5
data/raw/NEU-CLS/crazing/crazing_231.jpg,crazing_231.jpg,crazing,0
data/raw/NEU-CLS/inclusion/inclusion_217.jpg,inclusion_217.jpg,inclusion,1
data/raw/NEU-CLS/pitted_surface/pitted_surface_289.jpg,pitted_surface_289.jpg,pitted_surface,3
data/raw/NEU-CLS/inclusion/inclusion_258.jpg,inclusion_258.jpg,inclusion,1
data/raw/NEU-CLS/crazing/crazing_246.jpg,crazing_246.jpg,crazing,0
data/raw/NEU-CLS/patches/patches_186.jpg,patches_186.jpg,patches,2
data/raw/NEU-CLS/scratches/scratches_24.jpg,scratches_24.jpg,scratches,5
data/raw/NEU-CLS/inclusion/inclusion_179.jpg,inclusion_179.jpg,inclusion,1
data/raw/NEU-CLS/pitted_surface/pitted_surface_136.jpg,pitted_surface_136.jpg,pitted_surface,3
data/raw/NEU-CLS/patches/patches_2.jpg,patches_2.jpg,patches,2
data/raw/NEU-CLS/rolled-in_scale/rolled-in_scale_1.jpg,rolled-in_scale_1.jpg,rolled-in_scale,4
data/raw/NEU-CLS/scratches/scratches_184.jpg,scratches_184.jpg,scratches,5
data/raw/NEU-CLS/crazing/crazing_222.jpg,crazing_222.jpg,crazing,0
data/raw/NEU-CLS/inclusion/inclusion_10.jpg,inclusion_10.jpg,inclusion,1
data/raw/NEU-CLS/rolled-in_scale/rolled-in_scale_37.jpg,rolled-in_scale_37.jpg,rolled-in_scale,4
data/raw/NEU-CLS/patches/patches_118.jpg,patches_118.jpg,patches,2
data/raw/NEU-CLS/scratches/scratches_227.jpg,scratches_227.jpg,scratches,5
data/raw/NEU-CLS/crazing/crazing_228.jpg,crazing_228.jpg,crazing,0
data/raw/NEU-CLS/inclusion/inclusion_57.jpg,inclusion_57.jpg,inclusion,1
data/raw/NEU-CLS/crazing/crazing_123.jpg,crazing_123.jpg,crazing,0
data/raw/NEU-CLS/pitted_surface/pitted_surface_287.jpg,pitted_surface_287.jpg,pitted_surface,3
data/raw/NEU-CLS/inclusion/inclusion_296.jpg,inclusion_296.jpg,inclusion,1
data/raw/NEU-CLS/pitted_surface/pitted_surface_46.jpg,pitted_surface_46.jpg,pitted_surface,3
data/raw/NEU-CLS/pitted_surface/pitted_surface_22.jpg,pitted_surface_22.jpg,pitted_surface,3
data/raw/NEU-CLS/pitted_surface/pitted_surface_44.jpg,pitted_surface_44.jpg,pitted_surface,3
data/raw/NEU-CLS/crazing/crazing_133.jpg,crazing_133.jpg,crazing,0
data/raw/NEU-CLS/inclusion/inclusion_164.jpg,inclusion_164.jpg,inclusion,1
data/raw/NEU-CLS/pitted_surface/pitted_surface_262.jpg,pitted_surface_262.jpg,pitted_surface,3
data/raw/NEU-CLS/crazing/crazing_122.jpg,crazing_122.jpg,crazing,0
data/raw/NEU-CLS/pitted_surface/pitted_surface_201.jpg,pitted_surface_201.jpg,pitted_surface,3
data/raw/NEU-CLS/rolled-in_scale/rolled-in_scale_8.jpg,rolled-in_scale_8.jpg,rolled-in_scale,4
data/raw/NEU-CLS/inclusion/inclusion_173.jpg,inclusion_173.jpg,inclusion,1
data/raw/NEU-CLS/rolled-in_scale/rolled-in_scale_122.jpg,rolled-in_scale_122.jpg,rolled-in_scale,4
data/raw/NEU-CLS/scratches/scratches_194.jpg,scratches_194.jpg,scratches,5
data/raw/NEU-CLS/patches/patches_73.jpg,patches_73.jpg,patches,2
data/raw/NEU-CLS/scratches/scratches_122.jpg,scratches_122.jpg,scratches,5
data/raw/NEU-CLS/scratches/scratches_15.jpg,scratches_15.jpg,scratches,5
data/raw/NEU-CLS/pitted_surface/pitted_surface_197.jpg,pitted_surface_197.jpg,pitted_surface,3
data/raw/NEU-CLS/crazing/crazing_245.jpg,crazing_245.jpg,crazing,0
data/raw/NEU-CLS/patches/patches_145.jpg,patches_145.jpg,patches,2
data/raw/NEU-CLS/inclusion/inclusion_47.jpg,inclusion_47.jpg,inclusion,1
data/raw/NEU-CLS/scratches/scratches_161.jpg,scratches_161.jpg,scratches,5
data/raw/NEU-CLS/patches/patches_108.jpg,patches_108.jpg,patches,2
data/raw/NEU-CLS/scratches/scratches_67.jpg,scratches_67.jpg,scratches,5
data/raw/NEU-CLS/inclusion/inclusion_104.jpg,inclusion_104.jpg,inclusion,1
data/raw/NEU-CLS/crazing/crazing_11.jpg,crazing_11.jpg,crazing,0
data/raw/NEU-CLS/rolled-in_scale/rolled-in_scale_295.jpg,rolled-in_scale_295.jpg,rolled-in_scale,4
data/raw/NEU-CLS/rolled-in_scale/rolled-in_scale_269.jpg,rolled-in_scale_269.jpg,rolled-in_scale,4
data/raw/NEU-CLS/scratches/scratches_300.jpg,scratches_300.jpg,scratches,5
data/raw/NEU-CLS/rolled-in_scale/rolled-in_scale_99.jpg,rolled-in_scale_99.jpg,rolled-in_scale,4
data/raw/NEU-CLS/patches/patches_192.jpg,patches_192.jpg,patches,2
data/raw/NEU-CLS/scratches/scratches_174.jpg,scratches_174.jpg,scratches,5
data/raw/NEU-CLS/crazing/crazing_114.jpg,crazing_114.jpg,crazing,0
data/raw/NEU-CLS/scratches/scratches_241.jpg,scratches_241.jpg,scratches,5
data/raw/NEU-CLS/scratches/scratches_287.jpg,scratches_287.jpg,scratches,5
data/raw/NEU-CLS/crazing/crazing_136.jpg,crazing_136.jpg,crazing,0
data/raw/NEU-CLS/crazing/crazing_1.jpg,crazing_1.jpg,crazing,0
data/raw/NEU-CLS/inclusion/inclusion_290.jpg,inclusion_290.jpg,inclusion,1
data/raw/NEU-CLS/scratches/scratches_272.jpg,scratches_272.jpg,scratches,5
data/raw/NEU-CLS/rolled-in_scale/rolled-in_scale_74.jpg,rolled-in_scale_74.jpg,rolled-in_scale,4
data/raw/NEU-CLS/patches/patches_12.jpg,patches_12.jpg,patches,2
data/raw/NEU-CLS/patches/patches_93.jpg,patches_93.jpg,patches,2
data/raw/NEU-CLS/pitted_surface/pitted_surface_179.jpg,pitted_surface_179.jpg,pitted_surface,3
data/raw/NEU-CLS/scratches/scratches_41.jpg,scratches_41.jpg,scratches,5
data/raw/NEU-CLS/inclusion/inclusion_208.jpg,inclusion_208.jpg,inclusion,1
data/raw/NEU-CLS/inclusion/inclusion_170.jpg,inclusion_170.jpg,inclusion,1
data/raw/NEU-CLS/rolled-in_scale/rolled-in_scale_270.jpg,rolled-in_scale_270.jpg,rolled-in_scale,4
data/raw/NEU-CLS/patches/patches_9.jpg,patches_9.jpg,patches,2
data/raw/NEU-CLS/patches/patches_194.jpg,patches_194.jpg,patches,2
data/raw/NEU-CLS/crazing/crazing_273.jpg,crazing_273.jpg,crazing,0
data/raw/NEU-CLS/rolled-in_scale/rolled-in_scale_77.jpg,rolled-in_scale_77.jpg,rolled-in_scale,4
data/raw/NEU-CLS/pitted_surface/pitted_surface_176.jpg,pitted_surface_176.jpg,pitted_surface,3
data/raw/NEU-CLS/crazing/crazing_15.jpg,crazing_15.jpg,crazing,0
data/raw/NEU-CLS/scratches/scratches_50.jpg,scratches_50.jpg,scratches,5
data/raw/NEU-CLS/scratches/scratches_26.jpg,scratches_26.jpg,scratches,5
data/raw/NEU-CLS/inclusion/inclusion_232.jpg,inclusion_232.jpg,inclusion,1
data/raw/NEU-CLS/rolled-in_scale/rolled-in_scale_44.jpg,rolled-in_scale_44.jpg,rolled-in_scale,4
data/raw/NEU-CLS/inclusion/inclusion_248.jpg,inclusion_248.jpg,inclusion,1
data/raw/NEU-CLS/patches/patches_94.jpg,patches_94.jpg,patches,2
data/raw/NEU-CLS/inclusion/inclusion_294.jpg,inclusion_294.jpg,inclusion,1
data/raw/NEU-CLS/patches/patches_260.jpg,patches_260.jpg,patches,2
data/raw/NEU-CLS/crazing/crazing_225.jpg,crazing_225.jpg,crazing,0
data/raw/NEU-CLS/scratches/scratches_76.jpg,scratches_76.jpg,scratches,5
data/raw/NEU-CLS/pitted_surface/pitted_surface_56.jpg,pitted_surface_56.jpg,pitted_surface,3
data/raw/NEU-CLS/rolled-in_scale/rolled-in_scale_207.jpg,rolled-in_scale_207.jpg,rolled-in_scale,4
data/raw/NEU-CLS/crazing/crazing_38.jpg,crazing_38.jpg,crazing,0
data/raw/NEU-CLS/inclusion/inclusion_137.jpg,inclusion_137.jpg,inclusion,1
data/raw/NEU-CLS/patches/patches_257.jpg,patches_257.jpg,patches,2
data/raw/NEU-CLS/crazing/crazing_239.jpg,crazing_239.jpg,crazing,0
data/raw/NEU-CLS/rolled-in_scale/rolled-in_scale_19.jpg,rolled-in_scale_19.jpg,rolled-in_scale,4
data/raw/NEU-CLS/pitted_surface/pitted_surface_257.jpg,pitted_surface_257.jpg,pitted_surface,3
data/raw/NEU-CLS/crazing/crazing_175.jpg,crazing_175.jpg,crazing,0
data/raw/NEU-CLS/inclusion/inclusion_249.jpg,inclusion_249.jpg,inclusion,1
data/raw/NEU-CLS/pitted_surface/pitted_surface_236.jpg,pitted_surface_236.jpg,pitted_surface,3
data/raw/NEU-CLS/crazing/crazing_4.jpg,crazing_4.jpg,crazing,0
data/raw/NEU-CLS/inclusion/inclusion_195.jpg,inclusion_195.jpg,inclusion,1
data/raw/NEU-CLS/patches/patches_218.jpg,patches_218.jpg,patches,2
data/raw/NEU-CLS/patches/patches_49.jpg,patches_49.jpg,patches,2
data/raw/NEU-CLS/scratches/scratches_255.jpg,scratches_255.jpg,scratches,5
data/raw/NEU-CLS/pitted_surface/pitted_surface_246.jpg,pitted_surface_246.jpg,pitted_surface,3
data/raw/NEU-CLS/scratches/scratches_83.jpg,scratches_83.jpg,scratches,5
data/raw/NEU-CLS/pitted_surface/pitted_surface_69.jpg,pitted_surface_69.jpg,pitted_surface,3
data/raw/NEU-CLS/scratches/scratches_279.jpg,scratches_279.jpg,scratches,5
data/raw/NEU-CLS/rolled-in_scale/rolled-in_scale_97.jpg,rolled-in_scale_97.jpg,rolled-in_scale,4
data/raw/NEU-CLS/inclusion/inclusion_276.jpg,inclusion_276.jpg,inclusion,1
data/raw/NEU-CLS/scratches/scratches_119.jpg,scratches_119.jpg,scratches,5
data/raw/NEU-CLS/scratches/scratches_125.jpg,scratches_125.jpg,scratches,5
data/raw/NEU-CLS/pitted_surface/pitted_surface_173.jpg,pitted_surface_173.jpg,pitted_surface,3
data/raw/NEU-CLS/rolled-in_scale/rolled-in_scale_149.jpg,rolled-in_scale_149.jpg,rolled-in_scale,4
data/raw/NEU-CLS/scratches/scratches_185.jpg,scratches_185.jpg,scratches,5
data/raw/NEU-CLS/inclusion/inclusion_167.jpg,inclusion_167.jpg,inclusion,1
data/raw/NEU-CLS/patches/patches_137.jpg,patches_137.jpg,patches,2
data/raw/NEU-CLS/patches/patches_160.jpg,patches_160.jpg,patches,2
data/raw/NEU-CLS/patches/patches_250.jpg,patches_250.jpg,patches,2
data/raw/NEU-CLS/patches/patches_163.jpg,patches_163.jpg,patches,2
data/raw/NEU-CLS/scratches/scratches_203.jpg,scratches_203.jpg,scratches,5
data/raw/NEU-CLS/patches/patches_41.jpg,patches_41.jpg,patches,2
data/raw/NEU-CLS/rolled-in_scale/rolled-in_scale_47.jpg,rolled-in_scale_47.jpg,rolled-in_scale,4
data/raw/NEU-CLS/inclusion/inclusion_175.jpg,inclusion_175.jpg,inclusion,1
data/raw/NEU-CLS/pitted_surface/pitted_surface_117.jpg,pitted_surface_117.jpg,pitted_surface,3
data/raw/NEU-CLS/rolled-in_scale/rolled-in_scale_245.jpg,rolled-in_scale_245.jpg,rolled-in_scale,4
data/raw/NEU-CLS/pitted_surface/pitted_surface_6.jpg,pitted_surface_6.jpg,pitted_surface,3
data/raw/NEU-CLS/crazing/crazing_83.jpg,crazing_83.jpg,crazing,0
data/raw/NEU-CLS/crazing/crazing_262.jpg,crazing_262.jpg,crazing,0
data/raw/NEU-CLS/rolled-in_scale/rolled-in_scale_298.jpg,rolled-in_scale_298.jpg,rolled-in_scale,4
data/raw/NEU-CLS/patches/patches_162.jpg,patches_162.jpg,patches,2
data/raw/NEU-CLS/pitted_surface/pitted_surface_189.jpg,pitted_surface_189.jpg,pitted_surface,3
data/raw/NEU-CLS/inclusion/inclusion_134.jpg,inclusion_134.jpg,inclusion,1
data/raw/NEU-CLS/scratches/scratches_68.jpg,scratches_68.jpg,scratches,5
data/raw/NEU-CLS/pitted_surface/pitted_surface_48.jpg,pitted_surface_48.jpg,pitted_surface,3
data/raw/NEU-CLS/pitted_surface/pitted_surface_85.jpg,pitted_surface_85.jpg,pitted_surface,3
data/raw/NEU-CLS/scratches/scratches_14.jpg,scratches_14.jpg,scratches,5
data/raw/NEU-CLS/crazing/crazing_238.jpg,crazing_238.jpg,crazing,0
data/raw/NEU-CLS/pitted_surface/pitted_surface_225.jpg,pitted_surface_225.jpg,pitted_surface,3
data/raw/NEU-CLS/crazing/crazing_242.jpg,crazing_242.jpg,crazing,0
data/raw/NEU-CLS/inclusion/inclusion_44.jpg,inclusion_44.jpg,inclusion,1
data/raw/NEU-CLS/rolled-in_scale/rolled-in_scale_49.jpg,rolled-in_scale_49.jpg,rolled-in_scale,4
data/raw/NEU-CLS/rolled-in_scale/rolled-in_scale_223.jpg,rolled-in_scale_223.jpg,rolled-in_scale,4
data/raw/NEU-CLS/scratches/scratches_62.jpg,scratches_62.jpg,scratches,5
data/raw/NEU-CLS/rolled-in_scale/rolled-in_scale_91.jpg,rolled-in_scale_91.jpg,rolled-in_scale,4
data/raw/NEU-CLS/patches/patches_98.jpg,patches_98.jpg,patches,2
data/raw/NEU-CLS/rolled-in_scale/rolled-in_scale_56.jpg,rolled-in_scale_56.jpg,rolled-in_scale,4
data/raw/NEU-CLS/patches/patches_200.jpg,patches_200.jpg,patches,2
data/raw/NEU-CLS/pitted_surface/pitted_surface_66.jpg,pitted_surface_66.jpg,pitted_surface,3
data/raw/NEU-CLS/scratches/scratches_207.jpg,scratches_207.jpg,scratches,5
data/raw/NEU-CLS/patches/patches_248.jpg,patches_248.jpg,patches,2
data/raw/NEU-CLS/pitted_surface/pitted_surface_83.jpg,pitted_surface_83.jpg,pitted_surface,3
data/raw/NEU-CLS/crazing/crazing_107.jpg,crazing_107.jpg,crazing,0
data/raw/NEU-CLS/crazing/crazing_197.jpg,crazing_197.jpg,crazing,0
data/raw/NEU-CLS/scratches/scratches_17.jpg,scratches_17.jpg,scratches,5
data/raw/NEU-CLS/patches/patches_174.jpg,patches_174.jpg,patches,2
data/raw/NEU-CLS/pitted_surface/pitted_surface_122.jpg,pitted_surface_122.jpg,pitted_surface,3
data/raw/NEU-CLS/crazing/crazing_187.jpg,crazing_187.jpg,crazing,0
data/raw/NEU-CLS/crazing/crazing_253.jpg,crazing_253.jpg,crazing,0
data/raw/NEU-CLS/pitted_surface/pitted_surface_123.jpg,pitted_surface_123.jpg,pitted_surface,3
data/raw/NEU-CLS/crazing/crazing_180.jpg,crazing_180.jpg,crazing,0
data/raw/NEU-CLS/rolled-in_scale/rolled-in_scale_114.jpg,rolled-in_scale_114.jpg,rolled-in_scale,4
data/raw/NEU-CLS/pitted_surface/pitted_surface_39.jpg,pitted_surface_39.jpg,pitted_surface,3
data/raw/NEU-CLS/pitted_surface/pitted_surface_276.jpg,pitted_surface_276.jpg,pitted_surface,3
data/raw/NEU-CLS/inclusion/inclusion_242.jpg,inclusion_242.jpg,inclusion,1
data/raw/NEU-CLS/scratches/scratches_253.jpg,scratches_253.jpg,scratches,5
data/raw/NEU-CLS/rolled-in_scale/rolled-in_scale_86.jpg,rolled-in_scale_86.jpg,rolled-in_scale,4
data/raw/NEU-CLS/rolled-in_scale/rolled-in_scale_4.jpg,rolled-in_scale_4.jpg,rolled-in_scale,4
data/raw/NEU-CLS/patches/patches_149.jpg,patches_149.jpg,patches,2
data/raw/NEU-CLS/scratches/scratches_143.jpg,scratches_143.jpg,scratches,5
data/raw/NEU-CLS/inclusion/inclusion_229.jpg,inclusion_229.jpg,inclusion,1
data/raw/NEU-CLS/patches/patches_67.jpg,patches_67.jpg,patches,2
data/raw/NEU-CLS/pitted_surface/pitted_surface_139.jpg,pitted_surface_139.jpg,pitted_surface,3
data/raw/NEU-CLS/pitted_surface/pitted_surface_240.jpg,pitted_surface_240.jpg,pitted_surface,3
data/raw/NEU-CLS/patches/patches_210.jpg,patches_210.jpg,patches,2
data/raw/NEU-CLS/crazing/crazing_20.jpg,crazing_20.jpg,crazing,0
data/raw/NEU-CLS/rolled-in_scale/rolled-in_scale_291.jpg,rolled-in_scale_291.jpg,rolled-in_scale,4
data/raw/NEU-CLS/scratches/scratches_114.jpg,scratches_114.jpg,scratches,5
data/raw/NEU-CLS/pitted_surface/pitted_surface_119.jpg,pitted_surface_119.jpg,pitted_surface,3
data/raw/NEU-CLS/rolled-in_scale/rolled-in_scale_15.jpg,rolled-in_scale_15.jpg,rolled-in_scale,4
data/raw/NEU-CLS/rolled-in_scale/rolled-in_scale_180.jpg,rolled-in_scale_180.jpg,rolled-in_scale,4
data/raw/NEU-CLS/patches/patches_234.jpg,patches_234.jpg,patches,2
data/raw/NEU-CLS/inclusion/inclusion_132.jpg,inclusion_132.jpg,inclusion,1
data/raw/NEU-CLS/rolled-in_scale/rolled-in_scale_79.jpg,rolled-in_scale_79.jpg,rolled-in_scale,4
data/raw/NEU-CLS/crazing/crazing_215.jpg,crazing_215.jpg,crazing,0
data/raw/NEU-CLS/crazing/crazing_248.jpg,crazing_248.jpg,crazing,0
data/raw/NEU-CLS/inclusion/inclusion_129.jpg,inclusion_129.jpg,inclusion,1
data/raw/NEU-CLS/inclusion/inclusion_19.jpg,inclusion_19.jpg,inclusion,1
data/raw/NEU-CLS/crazing/crazing_149.jpg,crazing_149.jpg,crazing,0
data/raw/NEU-CLS/scratches/scratches_214.jpg,scratches_214.jpg,scratches,5
data/raw/NEU-CLS/pitted_surface/pitted_surface_290.jpg,pitted_surface_290.jpg,pitted_surface,3
data/raw/NEU-CLS/rolled-in_scale/rolled-in_scale_68.jpg,rolled-in_scale_68.jpg,rolled-in_scale,4
data/raw/NEU-CLS/crazing/crazing_167.jpg,crazing_167.jpg,crazing,0
data/raw/NEU-CLS/inclusion/inclusion_72.jpg,inclusion_72.jpg,inclusion,1
data/raw/NEU-CLS/rolled-in_scale/rolled-in_scale_36.jpg,rolled-in_scale_36.jpg,rolled-in_scale,4
data/raw/NEU-CLS/inclusion/inclusion_98.jpg,inclusion_98.jpg,inclusion,1
data/raw/NEU-CLS/scratches/scratches_228.jpg,scratches_228.jpg,scratches,5
data/raw/NEU-CLS/pitted_surface/pitted_surface_191.jpg,pitted_surface_191.jpg,pitted_surface,3
data/raw/NEU-CLS/rolled-in_scale/rolled-in_scale_7.jpg,rolled-in_scale_7.jpg,rolled-in_scale,4
data/raw/NEU-CLS/pitted_surface/pitted_surface_100.jpg,pitted_surface_100.jpg,pitted_surface,3
data/raw/NEU-CLS/crazing/crazing_65.jpg,crazing_65.jpg,crazing,0
data/raw/NEU-CLS/patches/patches_121.jpg,patches_121.jpg,patches,2
data/raw/NEU-CLS/scratches/scratches_6.jpg,scratches_6.jpg,scratches,5
data/raw/NEU-CLS/inclusion/inclusion_275.jpg,inclusion_275.jpg,inclusion,1
data/raw/NEU-CLS/inclusion/inclusion_73.jpg,inclusion_73.jpg,inclusion,1
data/raw/NEU-CLS/rolled-in_scale/rolled-in_scale_281.jpg,rolled-in_scale_281.jpg,rolled-in_scale,4
data/raw/NEU-CLS/pitted_surface/pitted_surface_208.jpg,pitted_surface_208.jpg,pitted_surface,3
data/raw/NEU-CLS/scratches/scratches_273.jpg,scratches_273.jpg,scratches,5
data/raw/NEU-CLS/pitted_surface/pitted_surface_88.jpg,pitted_surface_88.jpg,pitted_surface,3
data/raw/NEU-CLS/patches/patches_187.jpg,patches_187.jpg,patches,2
data/raw/NEU-CLS/pitted_surface/pitted_surface_295.jpg,pitted_surface_295.jpg,pitted_surface,3
data/raw/NEU-CLS/patches/patches_182.jpg,patches_182.jpg,patches,2
data/raw/NEU-CLS/patches/patches_5.jpg,patches_5.jpg,patches,2
data/raw/NEU-CLS/inclusion/inclusion_2.jpg,inclusion_2.jpg,inclusion,1
data/raw/NEU-CLS/rolled-in_scale/rolled-in_scale_258.jpg,rolled-in_scale_258.jpg,rolled-in_scale,4
data/raw/NEU-CLS/inclusion/inclusion_18.jpg,inclusion_18.jpg,inclusion,1
data/raw/NEU-CLS/patches/patches_273.jpg,patches_273.jpg,patches,2
data/raw/NEU-CLS/patches/patches_8.jpg,patches_8.jpg,patches,2
data/raw/NEU-CLS/patches/patches_15.jpg,patches_15.jpg,patches,2
data/raw/NEU-CLS/pitted_surface/pitted_surface_75.jpg,pitted_surface_75.jpg,pitted_surface,3
data/raw/NEU-CLS/patches/patches_155.jpg,patches_155.jpg,patches,2
data/raw/NEU-CLS/crazing/crazing_212.jpg,crazing_212.jpg,crazing,0
data/raw/NEU-CLS/rolled-in_scale/rolled-in_scale_78.jpg,rolled-in_scale_78.jpg,rolled-in_scale,4
data/raw/NEU-CLS/scratches/scratches_205.jpg,scratches_205.jpg,scratches,5
data/raw/NEU-CLS/rolled-in_scale/rolled-in_scale_285.jpg,rolled-in_scale_285.jpg,rolled-in_scale,4
data/raw/NEU-CLS/crazing/crazing_73.jpg,crazing_73.jpg,crazing,0
data/raw/NEU-CLS/scratches/scratches_126.jpg,scratches_126.jpg,scratches,5
data/raw/NEU-CLS/inclusion/inclusion_283.jpg,inclusion_283.jpg,inclusion,1
data/raw/NEU-CLS/scratches/scratches_39.jpg,scratches_39.jpg,scratches,5
data/raw/NEU-CLS/inclusion/inclusion_280.jpg,inclusion_280.jpg,inclusion,1
data/raw/NEU-CLS/inclusion/inclusion_118.jpg,inclusion_118.jpg,inclusion,1
data/raw/NEU-CLS/rolled-in_scale/rolled-in_scale_83.jpg,rolled-in_scale_83.jpg,rolled-in_scale,4
data/raw/NEU-CLS/scratches/scratches_264.jpg,scratches_264.jpg,scratches,5
data/raw/NEU-CLS/crazing/crazing_43.jpg,crazing_43.jpg,crazing,0
data/raw/NEU-CLS/inclusion/inclusion_102.jpg,inclusion_102.jpg,inclusion,1
data/raw/NEU-CLS/crazing/crazing_53.jpg,crazing_53.jpg,crazing,0
data/raw/NEU-CLS/scratches/scratches_191.jpg,scratches_191.jpg,scratches,5
data/raw/NEU-CLS/rolled-in_scale/rolled-in_scale_27.jpg,rolled-in_scale_27.jpg,rolled-in_scale,4
data/raw/NEU-CLS/crazing/crazing_154.jpg,crazing_154.jpg,crazing,0
data/raw/NEU-CLS/crazing/crazing_236.jpg,crazing_236.jpg,crazing,0
data/raw/NEU-CLS/crazing/crazing_74.jpg,crazing_74.jpg,crazing,0
data/raw/NEU-CLS/rolled-in_scale/rolled-in_scale_272.jpg,rolled-in_scale_272.jpg,rolled-in_scale,4
data/raw/NEU-CLS/crazing/crazing_188.jpg,crazing_188.jpg,crazing,0
data/raw/NEU-CLS/patches/patches_48.jpg,patches_48.jpg,patches,2
data/raw/NEU-CLS/crazing/crazing_185.jpg,crazing_185.jpg,crazing,0
data/raw/NEU-CLS/inclusion/inclusion_67.jpg,inclusion_67.jpg,inclusion,1
data/raw/NEU-CLS/patches/patches_37.jpg,patches_37.jpg,patches,2
data/raw/NEU-CLS/crazing/crazing_153.jpg,crazing_153.jpg,crazing,0
data/raw/NEU-CLS/crazing/crazing_164.jpg,crazing_164.jpg,crazing,0
data/raw/NEU-CLS/rolled-in_scale/rolled-in_scale_184.jpg,rolled-in_scale_184.jpg,rolled-in_scale,4
data/raw/NEU-CLS/patches/patches_136.jpg,patches_136.jpg,patches,2
data/raw/NEU-CLS/pitted_surface/pitted_surface_124.jpg,pitted_surface_124.jpg,pitted_surface,3
data/raw/NEU-CLS/scratches/scratches_86.jpg,scratches_86.jpg,scratches,5
data/raw/NEU-CLS/inclusion/inclusion_60.jpg,inclusion_60.jpg,inclusion,1
data/raw/NEU-CLS/scratches/scratches_289.jpg,scratches_289.jpg,scratches,5
data/raw/NEU-CLS/pitted_surface/pitted_surface_133.jpg,pitted_surface_133.jpg,pitted_surface,3
data/raw/NEU-CLS/rolled-in_scale/rolled-in_scale_69.jpg,rolled-in_scale_69.jpg,rolled-in_scale,4
data/raw/NEU-CLS/patches/patches_293.jpg,patches_293.jpg,patches,2
data/raw/NEU-CLS/inclusion/inclusion_110.jpg,inclusion_110.jpg,inclusion,1
data/raw/NEU-CLS/pitted_surface/pitted_surface_228.jpg,pitted_surface_228.jpg,pitted_surface,3
data/raw/NEU-CLS/inclusion/inclusion_151.jpg,inclusion_151.jpg,inclusion,1
data/raw/NEU-CLS/inclusion/inclusion_17.jpg,inclusion_17.jpg,inclusion,1
data/raw/NEU-CLS/rolled-in_scale/rolled-in_scale_75.jpg,rolled-in_scale_75.jpg,rolled-in_scale,4
data/raw/NEU-CLS/scratches/scratches_133.jpg,scratches_133.jpg,scratches,5
data/raw/NEU-CLS/pitted_surface/pitted_surface_52.jpg,pitted_surface_52.jpg,pitted_surface,3
data/raw/NEU-CLS/inclusion/inclusion_94.jpg,inclusion_94.jpg,inclusion,1
data/raw/NEU-CLS/inclusion/inclusion_284.jpg,inclusion_284.jpg,inclusion,1
data/raw/NEU-CLS/crazing/crazing_128.jpg,crazing_128.jpg,crazing,0
data/raw/NEU-CLS/inclusion/inclusion_277.jpg,inclusion_277.jpg,inclusion,1
data/raw/NEU-CLS/scratches/scratches_225.jpg,scratches_225.jpg,scratches,5
data/raw/NEU-CLS/patches/patches_264.jpg,patches_264.jpg,patches,2
data/raw/NEU-CLS/rolled-in_scale/rolled-in_scale_145.jpg,rolled-in_scale_145.jpg,rolled-in_scale,4
data/raw/NEU-CLS/patches/patches_68.jpg,patches_68.jpg,patches,2
data/raw/NEU-CLS/rolled-in_scale/rolled-in_scale_41.jpg,rolled-in_scale_41.jpg,rolled-in_scale,4
data/raw/NEU-CLS/inclusion/inclusion_35.jpg,inclusion_35.jpg,inclusion,1
data/raw/NEU-CLS/pitted_surface/pitted_surface_239.jpg,pitted_surface_239.jpg,pitted_surface,3
data/raw/NEU-CLS/rolled-in_scale/rolled-in_scale_115.jpg,rolled-in_scale_115.jpg,rolled-in_scale,4
data/raw/NEU-CLS/inclusion/inclusion_49.jpg,inclusion_49.jpg,inclusion,1
data/raw/NEU-CLS/scratches/scratches_35.jpg,scratches_35.jpg,scratches,5
data/raw/NEU-CLS/crazing/crazing_177.jpg,crazing_177.jpg,crazing,0
data/raw/NEU-CLS/scratches/scratches_34.jpg,scratches_34.jpg,scratches,5
data/raw/NEU-CLS/patches/patches_143.jpg,patches_143.jpg,patches,2
data/raw/NEU-CLS/pitted_surface/pitted_surface_108.jpg,pitted_surface_108.jpg,pitted_surface,3
data/raw/NEU-CLS/inclusion/inclusion_196.jpg,inclusion_196.jpg,inclusion,1
data/raw/NEU-CLS/pitted_surface/pitted_surface_36.jpg,pitted_surface_36.jpg,pitted_surface,3
data/raw/NEU-CLS/patches/patches_171.jpg,patches_171.jpg,patches,2
data/raw/NEU-CLS/rolled-in_scale/rolled-in_scale_203.jpg,rolled-in_scale_203.jpg,rolled-in_scale,4
data/raw/NEU-CLS/inclusion/inclusion_145.jpg,inclusion_145.jpg,inclusion,1
data/raw/NEU-CLS/inclusion/inclusion_245.jpg,inclusion_245.jpg,inclusion,1
data/raw/NEU-CLS/patches/patches_240.jpg,patches_240.jpg,patches,2
data/raw/NEU-CLS/scratches/scratches_275.jpg,scratches_275.jpg,scratches,5
data/raw/NEU-CLS/scratches/scratches_239.jpg,scratches_239.jpg,scratches,5
data/raw/NEU-CLS/patches/patches_44.jpg,patches_44.jpg,patches,2
data/raw/NEU-CLS/rolled-in_scale/rolled-in_scale_212.jpg,rolled-in_scale_212.jpg,rolled-in_scale,4
data/raw/NEU-CLS/rolled-in_scale/rolled-in_scale_190.jpg,rolled-in_scale_190.jpg,rolled-in_scale,4
data/raw/NEU-CLS/rolled-in_scale/rolled-in_scale_103.jpg,rolled-in_scale_103.jpg,rolled-in_scale,4
data/raw/NEU-CLS/rolled-in_scale/rolled-in_scale_143.jpg,rolled-in_scale_143.jpg,rolled-in_scale,4
data/raw/NEU-CLS/patches/patches_185.jpg,patches_185.jpg,patches,2
data/raw/NEU-CLS/pitted_surface/pitted_surface_252.jpg,pitted_surface_252.jpg,pitted_surface,3
data/raw/NEU-CLS/inclusion/inclusion_252.jpg,inclusion_252.jpg,inclusion,1
data/raw/NEU-CLS/pitted_surface/pitted_surface_202.jpg,pitted_surface_202.jpg,pitted_surface,3
data/raw/NEU-CLS/scratches/scratches_85.jpg,scratches_85.jpg,scratches,5
data/raw/NEU-CLS/scratches/scratches_167.jpg,scratches_167.jpg,scratches,5
data/raw/NEU-CLS/scratches/scratches_267.jpg,scratches_267.jpg,scratches,5
data/raw/NEU-CLS/crazing/crazing_252.jpg,crazing_252.jpg,crazing,0
data/raw/NEU-CLS/pitted_surface/pitted_surface_30.jpg,pitted_surface_30.jpg,pitted_surface,3
data/raw/NEU-CLS/rolled-in_scale/rolled-in_scale_179.jpg,rolled-in_scale_179.jpg,rolled-in_scale,4
data/raw/NEU-CLS/rolled-in_scale/rolled-in_scale_119.jpg,rolled-in_scale_119.jpg,rolled-in_scale,4
data/raw/NEU-CLS/inclusion/inclusion_7.jpg,inclusion_7.jpg,inclusion,1
data/raw/NEU-CLS/scratches/scratches_104.jpg,scratches_104.jpg,scratches,5
data/raw/NEU-CLS/inclusion/inclusion_291.jpg,inclusion_291.jpg,inclusion,1
data/raw/NEU-CLS/rolled-in_scale/rolled-in_scale_95.jpg,rolled-in_scale_95.jpg,rolled-in_scale,4
data/raw/NEU-CLS/inclusion/inclusion_160.jpg,inclusion_160.jpg,inclusion,1
data/raw/NEU-CLS/rolled-in_scale/rolled-in_scale_20.jpg,rolled-in_scale_20.jpg,rolled-in_scale,4
data/raw/NEU-CLS/crazing/crazing_258.jpg,crazing_258.jpg,crazing,0
data/raw/NEU-CLS/scratches/scratches_172.jpg,scratches_172.jpg,scratches,5
data/raw/NEU-CLS/patches/patches_47.jpg,patches_47.jpg,patches,2
data/raw/NEU-CLS/inclusion/inclusion_286.jpg,inclusion_286.jpg,inclusion,1
data/raw/NEU-CLS/rolled-in_scale/rolled-in_scale_13.jpg,rolled-in_scale_13.jpg,rolled-in_scale,4
data/raw/NEU-CLS/scratches/scratches_220.jpg,scratches_220.jpg,scratches,5
data/raw/NEU-CLS/pitted_surface/pitted_surface_33.jpg,pitted_surface_33.jpg,pitted_surface,3
data/raw/NEU-CLS/patches/patches_59.jpg,patches_59.jpg,patches,2
data/raw/NEU-CLS/patches/patches_25.jpg,patches_25.jpg,patches,2
data/raw/NEU-CLS/patches/patches_50.jpg,patches_50.jpg,patches,2
data/raw/NEU-CLS/patches/patches_96.jpg,patches_96.jpg,patches,2
data/raw/NEU-CLS/inclusion/inclusion_115.jpg,inclusion_115.jpg,inclusion,1
data/raw/NEU-CLS/inclusion/inclusion_52.jpg,inclusion_52.jpg,inclusion,1
data/raw/NEU-CLS/pitted_surface/pitted_surface_251.jpg,pitted_surface_251.jpg,pitted_surface,3
data/raw/NEU-CLS/patches/patches_125.jpg,patches_125.jpg,patches,2
data/raw/NEU-CLS/inclusion/inclusion_190.jpg,inclusion_190.jpg,inclusion,1
data/raw/NEU-CLS/inclusion/inclusion_182.jpg,inclusion_182.jpg,inclusion,1
data/raw/NEU-CLS/patches/patches_188.jpg,patches_188.jpg,patches,2
data/raw/NEU-CLS/rolled-in_scale/rolled-in_scale_154.jpg,rolled-in_scale_154.jpg,rolled-in_scale,4
data/raw/NEU-CLS/crazing/crazing_166.jpg,crazing_166.jpg,crazing,0
data/raw/NEU-CLS/scratches/scratches_93.jpg,scratches_93.jpg,scratches,5
data/raw/NEU-CLS/pitted_surface/pitted_surface_67.jpg,pitted_surface_67.jpg,pitted_surface,3
data/raw/NEU-CLS/inclusion/inclusion_76.jpg,inclusion_76.jpg,inclusion,1
data/raw/NEU-CLS/patches/patches_274.jpg,patches_274.jpg,patches,2
data/raw/NEU-CLS/rolled-in_scale/rolled-in_scale_5.jpg,rolled-in_scale_5.jpg,rolled-in_scale,4
data/raw/NEU-CLS/pitted_surface/pitted_surface_258.jpg,pitted_surface_258.jpg,pitted_surface,3
data/raw/NEU-CLS/patches/patches_119.jpg,patches_119.jpg,patches,2
data/raw/NEU-CLS/patches/patches_21.jpg,patches_21.jpg,patches,2
data/raw/NEU-CLS/patches/patches_71.jpg,patches_71.jpg,patches,2
data/raw/NEU-CLS/crazing/crazing_198.jpg,crazing_198.jpg,crazing,0
data/raw/NEU-CLS/pitted_surface/pitted_surface_151.jpg,pitted_surface_151.jpg,pitted_surface,3
data/raw/NEU-CLS/scratches/scratches_113.jpg,scratches_113.jpg,scratches,5
data/raw/NEU-CLS/pitted_surface/pitted_surface_231.jpg,pitted_surface_231.jpg,pitted_surface,3
data/raw/NEU-CLS/inclusion/inclusion_146.jpg,inclusion_146.jpg,inclusion,1
data/raw/NEU-CLS/scratches/scratches_263.jpg,scratches_263.jpg,scratches,5
data/raw/NEU-CLS/scratches/scratches_90.jpg,scratches_90.jpg,scratches,5
data/raw/NEU-CLS/scratches/scratches_270.jpg,scratches_270.jpg,scratches,5
data/raw/NEU-CLS/rolled-in_scale/rolled-in_scale_121.jpg,rolled-in_scale_121.jpg,rolled-in_scale,4
data/raw/NEU-CLS/crazing/crazing_297.jpg,crazing_297.jpg,crazing,0
data/raw/NEU-CLS/inclusion/inclusion_225.jpg,inclusion_225.jpg,inclusion,1
data/raw/NEU-CLS/inclusion/inclusion_279.jpg,inclusion_279.jpg,inclusion,1
data/raw/NEU-CLS/pitted_surface/pitted_surface_38.jpg,pitted_surface_38.jpg,pitted_surface,3
data/raw/NEU-CLS/rolled-in_scale/rolled-in_scale_153.jpg,rolled-in_scale_153.jpg,rolled-in_scale,4
data/raw/NEU-CLS/crazing/crazing_260.jpg,crazing_260.jpg,crazing,0
data/raw/NEU-CLS/crazing/crazing_240.jpg,crazing_240.jpg,crazing,0
data/raw/NEU-CLS/patches/patches_166.jpg,patches_166.jpg,patches,2
data/raw/NEU-CLS/patches/patches_209.jpg,patches_209.jpg,patches,2
data/raw/NEU-CLS/pitted_surface/pitted_surface_282.jpg,pitted_surface_282.jpg,pitted_surface,3
data/raw/NEU-CLS/scratches/scratches_89.jpg,scratches_89.jpg,scratches,5
data/raw/NEU-CLS/rolled-in_scale/rolled-in_scale_182.jpg,rolled-in_scale_182.jpg,rolled-in_scale,4
data/raw/NEU-CLS/inclusion/inclusion_206.jpg,inclusion_206.jpg,inclusion,1
data/raw/NEU-CLS/crazing/crazing_285.jpg,crazing_285.jpg,crazing,0
data/raw/NEU-CLS/crazing/crazing_9.jpg,crazing_9.jpg,crazing,0
data/raw/NEU-CLS/crazing/crazing_234.jpg,crazing_234.jpg,crazing,0
data/raw/NEU-CLS/crazing/crazing_68.jpg,crazing_68.jpg,crazing,0
data/raw/NEU-CLS/scratches/scratches_198.jpg,scratches_198.jpg,scratches,5
data/raw/NEU-CLS/scratches/scratches_236.jpg,scratches_236.jpg,scratches,5
data/raw/NEU-CLS/rolled-in_scale/rolled-in_scale_6.jpg,rolled-in_scale_6.jpg,rolled-in_scale,4
data/raw/NEU-CLS/rolled-in_scale/rolled-in_scale_81.jpg,rolled-in_scale_81.jpg,rolled-in_scale,4
data/raw/NEU-CLS/rolled-in_scale/rolled-in_scale_194.jpg,rolled-in_scale_194.jpg,rolled-in_scale,4
data/raw/NEU-CLS/pitted_surface/pitted_surface_275.jpg,pitted_surface_275.jpg,pitted_surface,3
data/raw/NEU-CLS/inclusion/inclusion_288.jpg,inclusion_288.jpg,inclusion,1
data/raw/NEU-CLS/scratches/scratches_208.jpg,scratches_208.jpg,scratches,5
data/raw/NEU-CLS/patches/patches_107.jpg,patches_107.jpg,patches,2
data/raw/NEU-CLS/rolled-in_scale/rolled-in_scale_229.jpg,rolled-in_scale_229.jpg,rolled-in_scale,4
data/raw/NEU-CLS/patches/patches_61.jpg,patches_61.jpg,patches,2
data/raw/NEU-CLS/pitted_surface/pitted_surface_194.jpg,pitted_surface_194.jpg,pitted_surface,3
data/raw/NEU-CLS/rolled-in_scale/rolled-in_scale_288.jpg,rolled-in_scale_288.jpg,rolled-in_scale,4
data/raw/NEU-CLS/scratches/scratches_22.jpg,scratches_22.jpg,scratches,5
data/raw/NEU-CLS/inclusion/inclusion_92.jpg,inclusion_92.jpg,inclusion,1
data/raw/NEU-CLS/patches/patches_6.jpg,patches_6.jpg,patches,2
data/raw/NEU-CLS/patches/patches_64.jpg,patches_64.jpg,patches,2
data/raw/NEU-CLS/pitted_surface/pitted_surface_144.jpg,pitted_surface_144.jpg,pitted_surface,3
data/raw/NEU-CLS/pitted_surface/pitted_surface_177.jpg,pitted_surface_177.jpg,pitted_surface,3
data/raw/NEU-CLS/inclusion/inclusion_20.jpg,inclusion_20.jpg,inclusion,1
data/raw/NEU-CLS/pitted_surface/pitted_surface_8.jpg,pitted_surface_8.jpg,pitted_surface,3
data/raw/NEU-CLS/patches/patches_142.jpg,patches_142.jpg,patches,2
data/raw/NEU-CLS/rolled-in_scale/rolled-in_scale_152.jpg,rolled-in_scale_152.jpg,rolled-in_scale,4
data/raw/NEU-CLS/inclusion/inclusion_247.jpg,inclusion_247.jpg,inclusion,1
data/raw/NEU-CLS/crazing/crazing_296.jpg,crazing_296.jpg,crazing,0
data/raw/NEU-CLS/crazing/crazing_255.jpg,crazing_255.jpg,crazing,0
data/raw/NEU-CLS/patches/patches_43.jpg,patches_43.jpg,patches,2
data/raw/NEU-CLS/pitted_surface/pitted_surface_247.jpg,pitted_surface_247.jpg,pitted_surface,3
data/raw/NEU-CLS/patches/patches_247.jpg,patches_247.jpg,patches,2
data/raw/NEU-CLS/inclusion/inclusion_262.jpg,inclusion_262.jpg,inclusion,1
data/raw/NEU-CLS/pitted_surface/pitted_surface_232.jpg,pitted_surface_232.jpg,pitted_surface,3
data/raw/NEU-CLS/pitted_surface/pitted_surface_115.jpg,pitted_surface_115.jpg,pitted_surface,3
data/raw/NEU-CLS/inclusion/inclusion_154.jpg,inclusion_154.jpg,inclusion,1
data/raw/NEU-CLS/crazing/crazing_70.jpg,crazing_70.jpg,crazing,0
data/raw/NEU-CLS/patches/patches_221.jpg,patches_221.jpg,patches,2
data/raw/NEU-CLS/pitted_surface/pitted_surface_207.jpg,pitted_surface_207.jpg,pitted_surface,3
data/raw/NEU-CLS/patches/patches_103.jpg,patches_103.jpg,patches,2
data/raw/NEU-CLS/rolled-in_scale/rolled-in_scale_193.jpg,rolled-in_scale_193.jpg,rolled-in_scale,4
data/raw/NEU-CLS/pitted_surface/pitted_surface_54.jpg,pitted_surface_54.jpg,pitted_surface,3
data/raw/NEU-CLS/pitted_surface/pitted_surface_53.jpg,pitted_surface_53.jpg,pitted_surface,3
data/raw/NEU-CLS/crazing/crazing_81.jpg,crazing_81.jpg,crazing,0
data/raw/NEU-CLS/patches/patches_40.jpg,patches_40.jpg,patches,2
data/raw/NEU-CLS/pitted_surface/pitted_surface_211.jpg,pitted_surface_211.jpg,pitted_surface,3
data/raw/NEU-CLS/patches/patches_286.jpg,patches_286.jpg,patches,2
data/raw/NEU-CLS/patches/patches_276.jpg,patches_276.jpg,patches,2
data/raw/NEU-CLS/scratches/scratches_282.jpg,scratches_282.jpg,scratches,5
data/raw/NEU-CLS/crazing/crazing_104.jpg,crazing_104.jpg,crazing,0
data/raw/NEU-CLS/scratches/scratches_115.jpg,scratches_115.jpg,scratches,5
data/raw/NEU-CLS/patches/patches_272.jpg,patches_272.jpg,patches,2
data/raw/NEU-CLS/rolled-in_scale/rolled-in_scale_87.jpg,rolled-in_scale_87.jpg,rolled-in_scale,4
data/raw/NEU-CLS/rolled-in_scale/rolled-in_scale_164.jpg,rolled-in_scale_164.jpg,rolled-in_scale,4
data/raw/NEU-CLS/inclusion/inclusion_95.jpg,inclusion_95.jpg,inclusion,1
data/raw/NEU-CLS/inclusion/inclusion_26.jpg,inclusion_26.jpg,inclusion,1
data/raw/NEU-CLS/inclusion/inclusion_28.jpg,inclusion_28.jpg,inclusion,1
data/raw/NEU-CLS/pitted_surface/pitted_surface_291.jpg,pitted_surface_291.jpg,pitted_surface,3
data/raw/NEU-CLS/patches/patches_97.jpg,patches_97.jpg,patches,2
data/raw/NEU-CLS/patches/patches_23.jpg,patches_23.jpg,patches,2
data/raw/NEU-CLS/inclusion/inclusion_244.jpg,inclusion_244.jpg,inclusion,1
data/raw/NEU-CLS/patches/patches_176.jpg,patches_176.jpg,patches,2
data/raw/NEU-CLS/rolled-in_scale/rolled-in_scale_17.jpg,rolled-in_scale_17.jpg,rolled-in_scale,4
data/raw/NEU-CLS/crazing/crazing_89.jpg,crazing_89.jpg,crazing,0
data/raw/NEU-CLS/rolled-in_scale/rolled-in_scale_64.jpg,rolled-in_scale_64.jpg,rolled-in_scale,4
data/raw/NEU-CLS/rolled-in_scale/rolled-in_scale_233.jpg,rolled-in_scale_233.jpg,rolled-in_scale,4
data/raw/NEU-CLS/crazing/crazing_131.jpg,crazing_131.jpg,crazing,0
data/raw/NEU-CLS/rolled-in_scale/rolled-in_scale_260.jpg,rolled-in_scale_260.jpg,rolled-in_scale,4
data/raw/NEU-CLS/inclusion/inclusion_81.jpg,inclusion_81.jpg,inclusion,1
data/raw/NEU-CLS/pitted_surface/pitted_surface_128.jpg,pitted_surface_128.jpg,pitted_surface,3
data/raw/NEU-CLS/crazing/crazing_76.jpg,crazing_76.jpg,crazing,0
data/raw/NEU-CLS/crazing/crazing_116.jpg,crazing_116.jpg,crazing,0
data/raw/NEU-CLS/patches/patches_16.jpg,patches_16.jpg,patches,2
data/raw/NEU-CLS/patches/patches_104.jpg,patches_104.jpg,patches,2
data/raw/NEU-CLS/crazing/crazing_8.jpg,crazing_8.jpg,crazing,0
data/raw/NEU-CLS/pitted_surface/pitted_surface_87.jpg,pitted_surface_87.jpg,pitted_surface,3
data/raw/NEU-CLS/inclusion/inclusion_224.jpg,inclusion_224.jpg,inclusion,1
data/raw/NEU-CLS/rolled-in_scale/rolled-in_scale_293.jpg,rolled-in_scale_293.jpg,rolled-in_scale,4
data/raw/NEU-CLS/scratches/scratches_4.jpg,scratches_4.jpg,scratches,5
data/raw/NEU-CLS/pitted_surface/pitted_surface_214.jpg,pitted_surface_214.jpg,pitted_surface,3
data/raw/NEU-CLS/scratches/scratches_28.jpg,scratches_28.jpg,scratches,5
data/raw/NEU-CLS/pitted_surface/pitted_surface_274.jpg,pitted_surface_274.jpg,pitted_surface,3
data/raw/NEU-CLS/patches/patches_10.jpg,patches_10.jpg,patches,2
data/raw/NEU-CLS/rolled-in_scale/rolled-in_scale_174.jpg,rolled-in_scale_174.jpg,rolled-in_scale,4
data/raw/NEU-CLS/rolled-in_scale/rolled-in_scale_26.jpg,rolled-in_scale_26.jpg,rolled-in_scale,4
data/raw/NEU-CLS/scratches/scratches_235.jpg,scratches_235.jpg,scratches,5
data/raw/NEU-CLS/rolled-in_scale/rolled-in_scale_150.jpg,rolled-in_scale_150.jpg,rolled-in_scale,4
data/raw/NEU-CLS/rolled-in_scale/rolled-in_scale_219.jpg,rolled-in_scale_219.jpg,rolled-in_scale,4
data/raw/NEU-CLS/pitted_surface/pitted_surface_168.jpg,pitted_surface_168.jpg,pitted_surface,3
data/raw/NEU-CLS/inclusion/inclusion_37.jpg,inclusion_37.jpg,inclusion,1
data/raw/NEU-CLS/patches/patches_277.jpg,patches_277.jpg,patches,2
data/raw/NEU-CLS/scratches/scratches_162.jpg,scratches_162.jpg,scratches,5
data/raw/NEU-CLS/scratches/scratches_234.jpg,scratches_234.jpg,scratches,5
data/raw/NEU-CLS/patches/patches_124.jpg,patches_124.jpg,patches,2
data/raw/NEU-CLS/rolled-in_scale/rolled-in_scale_249.jpg,rolled-in_scale_249.jpg,rolled-in_scale,4
data/raw/NEU-CLS/crazing/crazing_190.jpg,crazing_190.jpg,crazing,0
data/raw/NEU-CLS/scratches/scratches_199.jpg,scratches_199.jpg,scratches,5
data/raw/NEU-CLS/crazing/crazing_211.jpg,crazing_211.jpg,crazing,0
data/raw/NEU-CLS/pitted_surface/pitted_surface_261.jpg,pitted_surface_261.jpg,pitted_surface,3
data/raw/NEU-CLS/crazing/crazing_51.jpg,crazing_51.jpg,crazing,0
data/raw/NEU-CLS/rolled-in_scale/rolled-in_scale_102.jpg,rolled-in_scale_102.jpg,rolled-in_scale,4
data/raw/NEU-CLS/crazing/crazing_159.jpg,crazing_159.jpg,crazing,0
data/raw/NEU-CLS/scratches/scratches_281.jpg,scratches_281.jpg,scratches,5
data/raw/NEU-CLS/inclusion/inclusion_299.jpg,inclusion_299.jpg,inclusion,1
data/raw/NEU-CLS/patches/patches_130.jpg,patches_130.jpg,patches,2
data/raw/NEU-CLS/rolled-in_scale/rolled-in_scale_195.jpg,rolled-in_scale_195.jpg,rolled-in_scale,4
data/raw/NEU-CLS/pitted_surface/pitted_surface_105.jpg,pitted_surface_105.jpg,pitted_surface,3
data/raw/NEU-CLS/crazing/crazing_193.jpg,crazing_193.jpg,crazing,0
data/raw/NEU-CLS/rolled-in_scale/rolled-in_scale_137.jpg,rolled-in_scale_137.jpg,rolled-in_scale,4
data/raw/NEU-CLS/patches/patches_177.jpg,patches_177.jpg,patches,2
data/raw/NEU-CLS/rolled-in_scale/rolled-in_scale_123.jpg,rolled-in_scale_123.jpg,rolled-in_scale,4
data/raw/NEU-CLS/inclusion/inclusion_289.jpg,inclusion_289.jpg,inclusion,1
data/raw/NEU-CLS/scratches/scratches_55.jpg,scratches_55.jpg,scratches,5
data/raw/NEU-CLS/crazing/crazing_186.jpg,crazing_186.jpg,crazing,0
data/raw/NEU-CLS/crazing/crazing_132.jpg,crazing_132.jpg,crazing,0
data/raw/NEU-CLS/crazing/crazing_130.jpg,crazing_130.jpg,crazing,0
data/raw/NEU-CLS/inclusion/inclusion_209.jpg,inclusion_209.jpg,inclusion,1
data/raw/NEU-CLS/inclusion/inclusion_274.jpg,inclusion_274.jpg,inclusion,1
data/raw/NEU-CLS/patches/patches_213.jpg,patches_213.jpg,patches,2
data/raw/NEU-CLS/inclusion/inclusion_63.jpg,inclusion_63.jpg,inclusion,1
data/raw/NEU-CLS/crazing/crazing_288.jpg,crazing_288.jpg,crazing,0
data/raw/NEU-CLS/pitted_surface/pitted_surface_84.jpg,pitted_surface_84.jpg,pitted_surface,3
data/raw/NEU-CLS/rolled-in_scale/rolled-in_scale_210.jpg,rolled-in_scale_210.jpg,rolled-in_scale,4
data/raw/NEU-CLS/pitted_surface/pitted_surface_65.jpg,pitted_surface_65.jpg,pitted_surface,3
data/raw/NEU-CLS/pitted_surface/pitted_surface_162.jpg,pitted_surface_162.jpg,pitted_surface,3
data/raw/NEU-CLS/inclusion/inclusion_55.jpg,inclusion_55.jpg,inclusion,1
data/raw/NEU-CLS/rolled-in_scale/rolled-in_scale_261.jpg,rolled-in_scale_261.jpg,rolled-in_scale,4
data/raw/NEU-CLS/scratches/scratches_212.jpg,scratches_212.jpg,scratches,5
data/raw/NEU-CLS/scratches/scratches_46.jpg,scratches_46.jpg,scratches,5
data/raw/NEU-CLS/scratches/scratches_222.jpg,scratches_222.jpg,scratches,5
data/raw/NEU-CLS/rolled-in_scale/rolled-in_scale_67.jpg,rolled-in_scale_67.jpg,rolled-in_scale,4
data/raw/NEU-CLS/crazing/crazing_204.jpg,crazing_204.jpg,crazing,0
data/raw/NEU-CLS/patches/patches_284.jpg,patches_284.jpg,patches,2
data/raw/NEU-CLS/pitted_surface/pitted_surface_285.jpg,pitted_surface_285.jpg,pitted_surface,3
data/raw/NEU-CLS/inclusion/inclusion_61.jpg,inclusion_61.jpg,inclusion,1
data/raw/NEU-CLS/crazing/crazing_158.jpg,crazing_158.jpg,crazing,0
data/raw/NEU-CLS/patches/patches_223.jpg,patches_223.jpg,patches,2
data/raw/NEU-CLS/patches/patches_54.jpg,patches_54.jpg,patches,2
data/raw/NEU-CLS/pitted_surface/pitted_surface_187.jpg,pitted_surface_187.jpg,pitted_surface,3
data/raw/NEU-CLS/crazing/crazing_168.jpg,crazing_168.jpg,crazing,0
data/raw/NEU-CLS/rolled-in_scale/rolled-in_scale_16.jpg,rolled-in_scale_16.jpg,rolled-in_scale,4
data/raw/NEU-CLS/inclusion/inclusion_70.jpg,inclusion_70.jpg,inclusion,1
data/raw/NEU-CLS/scratches/scratches_88.jpg,scratches_88.jpg,scratches,5
data/raw/NEU-CLS/scratches/scratches_48.jpg,scratches_48.jpg,scratches,5
data/raw/NEU-CLS/inclusion/inclusion_267.jpg,inclusion_267.jpg,inclusion,1
data/raw/NEU-CLS/crazing/crazing_34.jpg,crazing_34.jpg,crazing,0
data/raw/NEU-CLS/inclusion/inclusion_138.jpg,inclusion_138.jpg,inclusion,1
data/raw/NEU-CLS/rolled-in_scale/rolled-in_scale_279.jpg,rolled-in_scale_279.jpg,rolled-in_scale,4
data/raw/NEU-CLS/scratches/scratches_232.jpg,scratches_232.jpg,scratches,5
data/raw/NEU-CLS/rolled-in_scale/rolled-in_scale_70.jpg,rolled-in_scale_70.jpg,rolled-in_scale,4
data/raw/NEU-CLS/rolled-in_scale/rolled-in_scale_257.jpg,rolled-in_scale_257.jpg,rolled-in_scale,4
data/raw/NEU-CLS/inclusion/inclusion_29.jpg,inclusion_29.jpg,inclusion,1
data/raw/NEU-CLS/pitted_surface/pitted_surface_293.jpg,pitted_surface_293.jpg,pitted_surface,3
data/raw/NEU-CLS/patches/patches_52.jpg,patches_52.jpg,patches,2
data/raw/NEU-CLS/crazing/crazing_109.jpg,crazing_109.jpg,crazing,0
data/raw/NEU-CLS/pitted_surface/pitted_surface_250.jpg,pitted_surface_250.jpg,pitted_surface,3
data/raw/NEU-CLS/rolled-in_scale/rolled-in_scale_284.jpg,rolled-in_scale_284.jpg,rolled-in_scale,4
data/raw/NEU-CLS/pitted_surface/pitted_surface_37.jpg,pitted_surface_37.jpg,pitted_surface,3
data/raw/NEU-CLS/crazing/crazing_226.jpg,crazing_226.jpg,crazing,0
data/raw/NEU-CLS/patches/patches_167.jpg,patches_167.jpg,patches,2
data/raw/NEU-CLS/pitted_surface/pitted_surface_31.jpg,pitted_surface_31.jpg,pitted_surface,3
data/raw/NEU-CLS/scratches/scratches_130.jpg,scratches_130.jpg,scratches,5
data/raw/NEU-CLS/inclusion/inclusion_12.jpg,inclusion_12.jpg,inclusion,1
data/raw/NEU-CLS/scratches/scratches_135.jpg,scratches_135.jpg,scratches,5
data/raw/NEU-CLS/scratches/scratches_246.jpg,scratches_246.jpg,scratches,5
data/raw/NEU-CLS/pitted_surface/pitted_surface_98.jpg,pitted_surface_98.jpg,pitted_surface,3
data/raw/NEU-CLS/scratches/scratches_142.jpg,scratches_142.jpg,scratches,5
data/raw/NEU-CLS/pitted_surface/pitted_surface_205.jpg,pitted_surface_205.jpg,pitted_surface,3
data/raw/NEU-CLS/patches/patches_92.jpg,patches_92.jpg,patches,2
data/raw/NEU-CLS/pitted_surface/pitted_surface_112.jpg,pitted_surface_112.jpg,pitted_surface,3
data/raw/NEU-CLS/rolled-in_scale/rolled-in_scale_157.jpg,rolled-in_scale_157.jpg,rolled-in_scale,4
data/raw/NEU-CLS/pitted_surface/pitted_surface_196.jpg,pitted_surface_196.jpg,pitted_surface,3
data/raw/NEU-CLS/patches/patches_269.jpg,patches_269.jpg,patches,2
data/raw/NEU-CLS/patches/patches_81.jpg,patches_81.jpg,patches,2
data/raw/NEU-CLS/scratches/scratches_129.jpg,scratches_129.jpg,scratches,5
data/raw/NEU-CLS/pitted_surface/pitted_surface_279.jpg,pitted_surface_279.jpg,pitted_surface,3
data/raw/NEU-CLS/crazing/crazing_291.jpg,crazing_291.jpg,crazing,0
data/raw/NEU-CLS/pitted_surface/pitted_surface_249.jpg,pitted_surface_249.jpg,pitted_surface,3
data/raw/NEU-CLS/patches/patches_256.jpg,patches_256.jpg,patches,2
data/raw/NEU-CLS/inclusion/inclusion_140.jpg,inclusion_140.jpg,inclusion,1
data/raw/NEU-CLS/scratches/scratches_92.jpg,scratches_92.jpg,scratches,5
data/raw/NEU-CLS/rolled-in_scale/rolled-in_scale_183.jpg,rolled-in_scale_183.jpg,rolled-in_scale,4
data/raw/NEU-CLS/inclusion/inclusion_172.jpg,inclusion_172.jpg,inclusion,1
data/raw/NEU-CLS/rolled-in_scale/rolled-in_scale_167.jpg,rolled-in_scale_167.jpg,rolled-in_scale,4
data/raw/NEU-CLS/inclusion/inclusion_45.jpg,inclusion_45.jpg,inclusion,1
data/raw/NEU-CLS/rolled-in_scale/rolled-in_scale_61.jpg,rolled-in_scale_61.jpg,rolled-in_scale,4
data/raw/NEU-CLS/inclusion/inclusion_178.jpg,inclusion_178.jpg,inclusion,1
data/raw/NEU-CLS/rolled-in_scale/rolled-in_scale_18.jpg,rolled-in_scale_18.jpg,rolled-in_scale,4
data/raw/NEU-CLS/scratches/scratches_12.jpg,scratches_12.jpg,scratches,5
data/raw/NEU-CLS/crazing/crazing_264.jpg,crazing_264.jpg,crazing,0
data/raw/NEU-CLS/patches/patches_62.jpg,patches_62.jpg,patches,2
data/raw/NEU-CLS/inclusion/inclusion_265.jpg,inclusion_265.jpg,inclusion,1
data/raw/NEU-CLS/inclusion/inclusion_62.jpg,inclusion_62.jpg,inclusion,1
data/raw/NEU-CLS/inclusion/inclusion_136.jpg,inclusion_136.jpg,inclusion,1
data/raw/NEU-CLS/patches/patches_245.jpg,patches_245.jpg,patches,2
data/raw/NEU-CLS/pitted_surface/pitted_surface_94.jpg,pitted_surface_94.jpg,pitted_surface,3
data/raw/NEU-CLS/scratches/scratches_286.jpg,scratches_286.jpg,scratches,5
data/raw/NEU-CLS/scratches/scratches_121.jpg,scratches_121.jpg,scratches,5
data/raw/NEU-CLS/inclusion/inclusion_51.jpg,inclusion_51.jpg,inclusion,1
data/raw/NEU-CLS/pitted_surface/pitted_surface_153.jpg,pitted_surface_153.jpg,pitted_surface,3
data/raw/NEU-CLS/rolled-in_scale/rolled-in_scale_54.jpg,rolled-in_scale_54.jpg,rolled-in_scale,4
data/raw/NEU-CLS/crazing/crazing_97.jpg,crazing_97.jpg,crazing,0
data/raw/NEU-CLS/rolled-in_scale/rolled-in_scale_162.jpg,rolled-in_scale_162.jpg,rolled-in_scale,4
data/raw/NEU-CLS/rolled-in_scale/rolled-in_scale_255.jpg,rolled-in_scale_255.jpg,rolled-in_scale,4
data/raw/NEU-CLS/patches/patches_11.jpg,patches_11.jpg,patches,2
data/raw/NEU-CLS/patches/patches_128.jpg,patches_128.jpg,patches,2
data/raw/NEU-CLS/scratches/scratches_288.jpg,scratches_288.jpg,scratches,5
data/raw/NEU-CLS/scratches/scratches_269.jpg,scratches_269.jpg,scratches,5
data/raw/NEU-CLS/scratches/scratches_157.jpg,scratches_157.jpg,scratches,5
data/raw/NEU-CLS/scratches/scratches_10.jpg,scratches_10.jpg,scratches,5
data/raw/NEU-CLS/patches/patches_216.jpg,patches_216.jpg,patches,2
data/raw/NEU-CLS/patches/patches_156.jpg,patches_156.jpg,patches,2
data/raw/NEU-CLS/patches/patches_278.jpg,patches_278.jpg,patches,2
data/raw/NEU-CLS/patches/patches_251.jpg,patches_251.jpg,patches,2
data/raw/NEU-CLS/rolled-in_scale/rolled-in_scale_296.jpg,rolled-in_scale_296.jpg,rolled-in_scale,4
data/raw/NEU-CLS/rolled-in_scale/rolled-in_scale_202.jpg,rolled-in_scale_202.jpg,rolled-in_scale,4
data/raw/NEU-CLS/inclusion/inclusion_135.jpg,inclusion_135.jpg,inclusion,1
data/raw/NEU-CLS/crazing/crazing_203.jpg,crazing_203.jpg,crazing,0
data/raw/NEU-CLS/pitted_surface/pitted_surface_111.jpg,pitted_surface_111.jpg,pitted_surface,3
data/raw/NEU-CLS/patches/patches_65.jpg,patches_65.jpg,patches,2
data/raw/NEU-CLS/inclusion/inclusion_189.jpg,inclusion_189.jpg,inclusion,1
data/raw/NEU-CLS/rolled-in_scale/rolled-in_scale_63.jpg,rolled-in_scale_63.jpg,rolled-in_scale,4
data/raw/NEU-CLS/crazing/crazing_155.jpg,crazing_155.jpg,crazing,0
data/raw/NEU-CLS/patches/patches_258.jpg,patches_258.jpg,patches,2
data/raw/NEU-CLS/rolled-in_scale/rolled-in_scale_226.jpg,rolled-in_scale_226.jpg,rolled-in_scale,4
data/raw/NEU-CLS/rolled-in_scale/rolled-in_scale_129.jpg,rolled-in_scale_129.jpg,rolled-in_scale,4
data/raw/NEU-CLS/pitted_surface/pitted_surface_278.jpg,pitted_surface_278.jpg,pitted_surface,3
data/raw/NEU-CLS/scratches/scratches_160.jpg,scratches_160.jpg,scratches,5
data/raw/NEU-CLS/scratches/scratches_79.jpg,scratches_79.jpg,scratches,5
data/raw/NEU-CLS/inclusion/inclusion_241.jpg,inclusion_241.jpg,inclusion,1
data/raw/NEU-CLS/inclusion/inclusion_123.jpg,inclusion_123.jpg,inclusion,1
data/raw/NEU-CLS/crazing/crazing_182.jpg,crazing_182.jpg,crazing,0
data/raw/NEU-CLS/scratches/scratches_294.jpg,scratches_294.jpg,scratches,5
data/raw/NEU-CLS/pitted_surface/pitted_surface_186.jpg,pitted_surface_186.jpg,pitted_surface,3
data/raw/NEU-CLS/crazing/crazing_119.jpg,crazing_119.jpg,crazing,0
data/raw/NEU-CLS/patches/patches_226.jpg,patches_226.jpg,patches,2
data/raw/NEU-CLS/pitted_surface/pitted_surface_148.jpg,pitted_surface_148.jpg,pitted_surface,3
data/raw/NEU-CLS/inclusion/inclusion_264.jpg,inclusion_264.jpg,inclusion,1
data/raw/NEU-CLS/pitted_surface/pitted_surface_5.jpg,pitted_surface_5.jpg,pitted_surface,3
data/raw/NEU-CLS/crazing/crazing_125.jpg,crazing_125.jpg,crazing,0
data/raw/NEU-CLS/rolled-in_scale/rolled-in_scale_294.jpg,rolled-in_scale_294.jpg,rolled-in_scale,4
data/raw/NEU-CLS/rolled-in_scale/rolled-in_scale_160.jpg,rolled-in_scale_160.jpg,rolled-in_scale,4
data/raw/NEU-CLS/scratches/scratches_65.jpg,scratches_65.jpg,scratches,5
data/raw/NEU-CLS/scratches/scratches_216.jpg,scratches_216.jpg,scratches,5
data/raw/NEU-CLS/pitted_surface/pitted_surface_93.jpg,pitted_surface_93.jpg,pitted_surface,3
data/raw/NEU-CLS/scratches/scratches_82.jpg,scratches_82.jpg,scratches,5
data/raw/NEU-CLS/scratches/scratches_144.jpg,scratches_144.jpg,scratches,5
data/raw/NEU-CLS/scratches/scratches_107.jpg,scratches_107.jpg,scratches,5
data/raw/NEU-CLS/pitted_surface/pitted_surface_264.jpg,pitted_surface_264.jpg,pitted_surface,3
data/raw/NEU-CLS/patches/patches_75.jpg,patches_75.jpg,patches,2
data/raw/NEU-CLS/crazing/crazing_267.jpg,crazing_267.jpg,crazing,0
data/raw/NEU-CLS/rolled-in_scale/rolled-in_scale_155.jpg,rolled-in_scale_155.jpg,rolled-in_scale,4
data/raw/NEU-CLS/rolled-in_scale/rolled-in_scale_51.jpg,rolled-in_scale_51.jpg,rolled-in_scale,4
data/raw/NEU-CLS/crazing/crazing_36.jpg,crazing_36.jpg,crazing,0
data/raw/NEU-CLS/rolled-in_scale/rolled-in_scale_277.jpg,rolled-in_scale_277.jpg,rolled-in_scale,4
data/raw/NEU-CLS/scratches/scratches_80.jpg,scratches_80.jpg,scratches,5
data/raw/NEU-CLS/pitted_surface/pitted_surface_284.jpg,pitted_surface_284.jpg,pitted_surface,3
data/raw/NEU-CLS/scratches/scratches_176.jpg,scratches_176.jpg,scratches,5
data/raw/NEU-CLS/scratches/scratches_217.jpg,scratches_217.jpg,scratches,5
data/raw/NEU-CLS/patches/patches_197.jpg,patches_197.jpg,patches,2
data/raw/NEU-CLS/rolled-in_scale/rolled-in_scale_94.jpg,rolled-in_scale_94.jpg,rolled-in_scale,4
data/raw/NEU-CLS/scratches/scratches_165.jpg,scratches_165.jpg,scratches,5
data/raw/NEU-CLS/rolled-in_scale/rolled-in_scale_221.jpg,rolled-in_scale_221.jpg,rolled-in_scale,4
data/raw/NEU-CLS/scratches/scratches_2.jpg,scratches_2.jpg,scratches,5
data/raw/NEU-CLS/inclusion/inclusion_100.jpg,inclusion_100.jpg,inclusion,1
data/raw/NEU-CLS/rolled-in_scale/rolled-in_scale_76.jpg,rolled-in_scale_76.jpg,rolled-in_scale,4
data/raw/NEU-CLS/rolled-in_scale/rolled-in_scale_289.jpg,rolled-in_scale_289.jpg,rolled-in_scale,4
data/raw/NEU-CLS/inclusion/inclusion_40.jpg,inclusion_40.jpg,inclusion,1
data/raw/NEU-CLS/pitted_surface/pitted_surface_60.jpg,pitted_surface_60.jpg,pitted_surface,3
data/raw/NEU-CLS/inclusion/inclusion_273.jpg,inclusion_273.jpg,inclusion,1
data/raw/NEU-CLS/rolled-in_scale/rolled-in_scale_216.jpg,rolled-in_scale_216.jpg,rolled-in_scale,4
data/raw/NEU-CLS/pitted_surface/pitted_surface_14.jpg,pitted_surface_14.jpg,pitted_surface,3
data/raw/NEU-CLS/rolled-in_scale/rolled-in_scale_72.jpg,rolled-in_scale_72.jpg,rolled-in_scale,4
data/raw/NEU-CLS/rolled-in_scale/rolled-in_scale_113.jpg,rolled-in_scale_113.jpg,rolled-in_scale,4
data/raw/NEU-CLS/inclusion/inclusion_204.jpg,inclusion_204.jpg,inclusion,1
data/raw/NEU-CLS/patches/patches_90.jpg,patches_90.jpg,patches,2
data/raw/NEU-CLS/pitted_surface/pitted_surface_125.jpg,pitted_surface_125.jpg,pitted_surface,3
data/raw/NEU-CLS/rolled-in_scale/rolled-in_scale_40.jpg,rolled-in_scale_40.jpg,rolled-in_scale,4
data/raw/NEU-CLS/patches/patches_184.jpg,patches_184.jpg,patches,2
data/raw/NEU-CLS/rolled-in_scale/rolled-in_scale_55.jpg,rolled-in_scale_55.jpg,rolled-in_scale,4
data/raw/NEU-CLS/pitted_surface/pitted_surface_269.jpg,pitted_surface_269.jpg,pitted_surface,3
data/raw/NEU-CLS/inclusion/inclusion_246.jpg,inclusion_246.jpg,inclusion,1
data/raw/NEU-CLS/pitted_surface/pitted_surface_49.jpg,pitted_surface_49.jpg,pitted_surface,3
data/raw/NEU-CLS/inclusion/inclusion_281.jpg,inclusion_281.jpg,inclusion,1
data/raw/NEU-CLS/patches/patches_106.jpg,patches_106.jpg,patches,2
data/raw/NEU-CLS/patches/patches_153.jpg,patches_153.jpg,patches,2
data/raw/NEU-CLS/crazing/crazing_173.jpg,crazing_173.jpg,crazing,0
data/raw/NEU-CLS/patches/patches_173.jpg,patches_173.jpg,patches,2
data/raw/NEU-CLS/pitted_surface/pitted_surface_71.jpg,pitted_surface_71.jpg,pitted_surface,3
data/raw/NEU-CLS/patches/patches_70.jpg,patches_70.jpg,patches,2
data/raw/NEU-CLS/crazing/crazing_176.jpg,crazing_176.jpg,crazing,0
data/raw/NEU-CLS/scratches/scratches_3.jpg,scratches_3.jpg,scratches,5
data/raw/NEU-CLS/inclusion/inclusion_77.jpg,inclusion_77.jpg,inclusion,1
data/raw/NEU-CLS/pitted_surface/pitted_surface_35.jpg,pitted_surface_35.jpg,pitted_surface,3
data/raw/NEU-CLS/scratches/scratches_71.jpg,scratches_71.jpg,scratches,5
data/raw/NEU-CLS/patches/patches_42.jpg,patches_42.jpg,patches,2
data/raw/NEU-CLS/scratches/scratches_51.jpg,scratches_51.jpg,scratches,5
data/raw/NEU-CLS/pitted_surface/pitted_surface_190.jpg,pitted_surface_190.jpg,pitted_surface,3
data/raw/NEU-CLS/pitted_surface/pitted_surface_80.jpg,pitted_surface_80.jpg,pitted_surface,3
data/raw/NEU-CLS/pitted_surface/pitted_surface_17.jpg,pitted_surface_17.jpg,pitted_surface,3
data/raw/NEU-CLS/inclusion/inclusion_231.jpg,inclusion_231.jpg,inclusion,1
data/raw/NEU-CLS/rolled-in_scale/rolled-in_scale_275.jpg,rolled-in_scale_275.jpg,rolled-in_scale,4
data/raw/NEU-CLS/patches/patches_215.jpg,patches_215.jpg,patches,2
data/raw/NEU-CLS/patches/patches_158.jpg,patches_158.jpg,patches,2
data/raw/NEU-CLS/scratches/scratches_105.jpg,scratches_105.jpg,scratches,5
data/raw/NEU-CLS/patches/patches_127.jpg,patches_127.jpg,patches,2
data/raw/NEU-CLS/scratches/scratches_169.jpg,scratches_169.jpg,scratches,5
data/raw/NEU-CLS/patches/patches_134.jpg,patches_134.jpg,patches,2
data/raw/NEU-CLS/pitted_surface/pitted_surface_118.jpg,pitted_surface_118.jpg,pitted_surface,3
data/raw/NEU-CLS/rolled-in_scale/rolled-in_scale_239.jpg,rolled-in_scale_239.jpg,rolled-in_scale,4
data/raw/NEU-CLS/crazing/crazing_63.jpg,crazing_63.jpg,crazing,0
data/raw/NEU-CLS/rolled-in_scale/rolled-in_scale_250.jpg,rolled-in_scale_250.jpg,rolled-in_scale,4
data/raw/NEU-CLS/crazing/crazing_209.jpg,crazing_209.jpg,crazing,0
data/raw/NEU-CLS/crazing/crazing_85.jpg,crazing_85.jpg,crazing,0
data/raw/NEU-CLS/crazing/crazing_121.jpg,crazing_121.jpg,crazing,0
data/raw/NEU-CLS/patches/patches_175.jpg,patches_175.jpg,patches,2
data/raw/NEU-CLS/patches/patches_253.jpg,patches_253.jpg,patches,2
data/raw/NEU-CLS/pitted_surface/pitted_surface_266.jpg,pitted_surface_266.jpg,pitted_surface,3
data/raw/NEU-CLS/crazing/crazing_37.jpg,crazing_37.jpg,crazing,0
data/raw/NEU-CLS/patches/patches_129.jpg,patches_129.jpg,patches,2
data/raw/NEU-CLS/scratches/scratches_40.jpg,scratches_40.jpg,scratches,5
data/raw/NEU-CLS/rolled-in_scale/rolled-in_scale_252.jpg,rolled-in_scale_252.jpg,rolled-in_scale,4
data/raw/NEU-CLS/crazing/crazing_241.jpg,crazing_241.jpg,crazing,0
data/raw/NEU-CLS/crazing/crazing_2.jpg,crazing_2.jpg,crazing,0
data/raw/NEU-CLS/pitted_surface/pitted_surface_95.jpg,pitted_surface_95.jpg,pitted_surface,3
data/raw/NEU-CLS/scratches/scratches_94.jpg,scratches_94.jpg,scratches,5
data/raw/NEU-CLS/patches/patches_144.jpg,patches_144.jpg,patches,2
data/raw/NEU-CLS/pitted_surface/pitted_surface_7.jpg,pitted_surface_7.jpg,pitted_surface,3
data/raw/NEU-CLS/scratches/scratches_224.jpg,scratches_224.jpg,scratches,5
data/raw/NEU-CLS/pitted_surface/pitted_surface_200.jpg,pitted_surface_200.jpg,pitted_surface,3
data/raw/NEU-CLS/inclusion/inclusion_1.jpg,inclusion_1.jpg,inclusion,1
data/raw/NEU-CLS/crazing/crazing_257.jpg,crazing_257.jpg,crazing,0
data/raw/NEU-CLS/rolled-in_scale/rolled-in_scale_232.jpg,rolled-in_scale_232.jpg,rolled-in_scale,4
data/raw/NEU-CLS/patches/patches_212.jpg,patches_212.jpg,patches,2
data/raw/NEU-CLS/crazing/crazing_137.jpg,crazing_137.jpg,crazing,0
data/raw/NEU-CLS/rolled-in_scale/rolled-in_scale_22.jpg,rolled-in_scale_22.jpg,rolled-in_scale,4
data/raw/NEU-CLS/inclusion/inclusion_169.jpg,inclusion_169.jpg,inclusion,1
data/raw/NEU-CLS/pitted_surface/pitted_surface_270.jpg,pitted_surface_270.jpg,pitted_surface,3
data/raw/NEU-CLS/inclusion/inclusion_125.jpg,inclusion_125.jpg,inclusion,1
data/raw/NEU-CLS/crazing/crazing_92.jpg,crazing_92.jpg,crazing,0
data/raw/NEU-CLS/rolled-in_scale/rolled-in_scale_100.jpg,rolled-in_scale_100.jpg,rolled-in_scale,4
data/raw/NEU-CLS/scratches/scratches_261.jpg,scratches_261.jpg,scratches,5
data/raw/NEU-CLS/rolled-in_scale/rolled-in_scale_256.jpg,rolled-in_scale_256.jpg,rolled-in_scale,4
data/raw/NEU-CLS/scratches/scratches_164.jpg,scratches_164.jpg,scratches,5
data/raw/NEU-CLS/patches/patches_191.jpg,patches_191.jpg,patches,2
data/raw/NEU-CLS/inclusion/inclusion_293.jpg,inclusion_293.jpg,inclusion,1
data/raw/NEU-CLS/scratches/scratches_245.jpg,scratches_245.jpg,scratches,5
data/raw/NEU-CLS/inclusion/inclusion_185.jpg,inclusion_185.jpg,inclusion,1
data/raw/NEU-CLS/crazing/crazing_287.jpg,crazing_287.jpg,crazing,0
data/raw/NEU-CLS/inclusion/inclusion_119.jpg,inclusion_119.jpg,inclusion,1
data/raw/NEU-CLS/scratches/scratches_77.jpg,scratches_77.jpg,scratches,5
data/raw/NEU-CLS/pitted_surface/pitted_surface_220.jpg,pitted_surface_220.jpg,pitted_surface,3
data/raw/NEU-CLS/scratches/scratches_243.jpg,scratches_243.jpg,scratches,5
data/raw/NEU-CLS/patches/patches_196.jpg,patches_196.jpg,patches,2
data/raw/NEU-CLS/crazing/crazing_210.jpg,crazing_210.jpg,crazing,0
data/raw/NEU-CLS/crazing/crazing_206.jpg,crazing_206.jpg,crazing,0
data/raw/NEU-CLS/rolled-in_scale/rolled-in_scale_111.jpg,rolled-in_scale_111.jpg,rolled-in_scale,4
data/raw/NEU-CLS/inclusion/inclusion_16.jpg,inclusion_16.jpg,inclusion,1
data/raw/NEU-CLS/scratches/scratches_265.jpg,scratches_265.jpg,scratches,5
data/raw/NEU-CLS/rolled-in_scale/rolled-in_scale_89.jpg,rolled-in_scale_89.jpg,rolled-in_scale,4
data/raw/NEU-CLS/inclusion/inclusion_108.jpg,inclusion_108.jpg,inclusion,1
data/raw/NEU-CLS/scratches/scratches_52.jpg,scratches_52.jpg,scratches,5
data/raw/NEU-CLS/rolled-in_scale/rolled-in_scale_286.jpg,rolled-in_scale_286.jpg,rolled-in_scale,4
data/raw/NEU-CLS/patches/patches_101.jpg,patches_101.jpg,patches,2
data/raw/NEU-CLS/scratches/scratches_247.jpg,scratches_247.jpg,scratches,5
data/raw/NEU-CLS/scratches/scratches_192.jpg,scratches_192.jpg,scratches,5
data/raw/NEU-CLS/crazing/crazing_140.jpg,crazing_140.jpg,crazing,0
data/raw/NEU-CLS/patches/patches_198.jpg,patches_198.jpg,patches,2
data/raw/NEU-CLS/crazing/crazing_115.jpg,crazing_115.jpg,crazing,0
data/raw/NEU-CLS/inclusion/inclusion_256.jpg,inclusion_256.jpg,inclusion,1
data/raw/NEU-CLS/inclusion/inclusion_36.jpg,inclusion_36.jpg,inclusion,1
data/raw/NEU-CLS/scratches/scratches_78.jpg,scratches_78.jpg,scratches,5
data/raw/NEU-CLS/inclusion/inclusion_107.jpg,inclusion_107.jpg,inclusion,1
data/raw/NEU-CLS/scratches/scratches_148.jpg,scratches_148.jpg,scratches,5
data/raw/NEU-CLS/crazing/crazing_108.jpg,crazing_108.jpg,crazing,0
data/raw/NEU-CLS/pitted_surface/pitted_surface_72.jpg,pitted_surface_72.jpg,pitted_surface,3
data/raw/NEU-CLS/scratches/scratches_173.jpg,scratches_173.jpg,scratches,5
data/raw/NEU-CLS/rolled-in_scale/rolled-in_scale_107.jpg,rolled-in_scale_107.jpg,rolled-in_scale,4
data/raw/NEU-CLS/scratches/scratches_37.jpg,scratches_37.jpg,scratches,5
data/raw/NEU-CLS/pitted_surface/pitted_surface_143.jpg,pitted_surface_143.jpg,pitted_surface,3
data/raw/NEU-CLS/pitted_surface/pitted_surface_68.jpg,pitted_surface_68.jpg,pitted_surface,3
data/raw/NEU-CLS/scratches/scratches_249.jpg,scratches_249.jpg,scratches,5
data/raw/NEU-CLS/crazing/crazing_31.jpg,crazing_31.jpg,crazing,0
data/raw/NEU-CLS/crazing/crazing_207.jpg,crazing_207.jpg,crazing,0
data/raw/NEU-CLS/pitted_surface/pitted_surface_170.jpg,pitted_surface_170.jpg,pitted_surface,3
data/raw/NEU-CLS/scratches/scratches_137.jpg,scratches_137.jpg,scratches,5
data/raw/NEU-CLS/scratches/scratches_33.jpg,scratches_33.jpg,scratches,5
data/raw/NEU-CLS/pitted_surface/pitted_surface_109.jpg,pitted_surface_109.jpg,pitted_surface,3
data/raw/NEU-CLS/scratches/scratches_244.jpg,scratches_244.jpg,scratches,5
data/raw/NEU-CLS/patches/patches_113.jpg,patches_113.jpg,patches,2
data/raw/NEU-CLS/scratches/scratches_53.jpg,scratches_53.jpg,scratches,5
data/raw/NEU-CLS/patches/patches_285.jpg,patches_285.jpg,patches,2
data/raw/NEU-CLS/inclusion/inclusion_141.jpg,inclusion_141.jpg,inclusion,1
data/raw/NEU-CLS/rolled-in_scale/rolled-in_scale_117.jpg,rolled-in_scale_117.jpg,rolled-in_scale,4
data/raw/NEU-CLS/rolled-in_scale/rolled-in_scale_300.jpg,rolled-in_scale_300.jpg,rolled-in_scale,4
data/raw/NEU-CLS/scratches/scratches_146.jpg,scratches_146.jpg,scratches,5
data/raw/NEU-CLS/pitted_surface/pitted_surface_59.jpg,pitted_surface_59.jpg,pitted_surface,3
data/raw/NEU-CLS/pitted_surface/pitted_surface_158.jpg,pitted_surface_158.jpg,pitted_surface,3
data/raw/NEU-CLS/patches/patches_263.jpg,patches_263.jpg,patches,2
data/raw/NEU-CLS/crazing/crazing_202.jpg,crazing_202.jpg,crazing,0
data/raw/NEU-CLS/pitted_surface/pitted_surface_299.jpg,pitted_surface_299.jpg,pitted_surface,3
data/raw/NEU-CLS/inclusion/inclusion_41.jpg,inclusion_41.jpg,inclusion,1
data/raw/NEU-CLS/rolled-in_scale/rolled-in_scale_126.jpg,rolled-in_scale_126.jpg,rolled-in_scale,4
data/raw/NEU-CLS/crazing/crazing_261.jpg,crazing_261.jpg,crazing,0
data/raw/NEU-CLS/pitted_surface/pitted_surface_180.jpg,pitted_surface_180.jpg,pitted_surface,3
data/raw/NEU-CLS/pitted_surface/pitted_surface_256.jpg,pitted_surface_256.jpg,pitted_surface,3
data/raw/NEU-CLS/pitted_surface/pitted_surface_263.jpg,pitted_surface_263.jpg,pitted_surface,3
data/raw/NEU-CLS/inclusion/inclusion_66.jpg,inclusion_66.jpg,inclusion,1
data/raw/NEU-CLS/crazing/crazing_25.jpg,crazing_25.jpg,crazing,0
data/raw/NEU-CLS/crazing/crazing_230.jpg,crazing_230.jpg,crazing,0
data/raw/NEU-CLS/pitted_surface/pitted_surface_26.jpg,pitted_surface_26.jpg,pitted_surface,3
data/raw/NEU-CLS/inclusion/inclusion_34.jpg,inclusion_34.jpg,inclusion,1
data/raw/NEU-CLS/scratches/scratches_268.jpg,scratches_268.jpg,scratches,5
data/raw/NEU-CLS/patches/patches_205.jpg,patches_205.jpg,patches,2
data/raw/NEU-CLS/inclusion/inclusion_183.jpg,inclusion_183.jpg,inclusion,1
data/raw/NEU-CLS/scratches/scratches_202.jpg,scratches_202.jpg,scratches,5
data/raw/NEU-CLS/scratches/scratches_9.jpg,scratches_9.jpg,scratches,5
data/raw/NEU-CLS/scratches/scratches_58.jpg,scratches_58.jpg,scratches,5
data/raw/NEU-CLS/scratches/scratches_1.jpg,scratches_1.jpg,scratches,5
data/raw/NEU-CLS/inclusion/inclusion_237.jpg,inclusion_237.jpg,inclusion,1
data/raw/NEU-CLS/patches/patches_252.jpg,patches_252.jpg,patches,2
data/raw/NEU-CLS/inclusion/inclusion_91.jpg,inclusion_91.jpg,inclusion,1
data/raw/NEU-CLS/rolled-in_scale/rolled-in_scale_112.jpg,rolled-in_scale_112.jpg,rolled-in_scale,4
data/raw/NEU-CLS/crazing/crazing_87.jpg,crazing_87.jpg,crazing,0
data/raw/NEU-CLS/pitted_surface/pitted_surface_165.jpg,pitted_surface_165.jpg,pitted_surface,3
data/raw/NEU-CLS/rolled-in_scale/rolled-in_scale_165.jpg,rolled-in_scale_165.jpg,rolled-in_scale,4
data/raw/NEU-CLS/inclusion/inclusion_239.jpg,inclusion_239.jpg,inclusion,1
data/raw/NEU-CLS/crazing/crazing_150.jpg,crazing_150.jpg,crazing,0
data/raw/NEU-CLS/pitted_surface/pitted_surface_175.jpg,pitted_surface_175.jpg,pitted_surface,3
data/raw/NEU-CLS/patches/patches_201.jpg,patches_201.jpg,patches,2
data/raw/NEU-CLS/patches/patches_207.jpg,patches_207.jpg,patches,2
data/raw/NEU-CLS/pitted_surface/pitted_surface_127.jpg,pitted_surface_127.jpg,pitted_surface,3
data/raw/NEU-CLS/inclusion/inclusion_205.jpg,inclusion_205.jpg,inclusion,1
data/raw/NEU-CLS/crazing/crazing_170.jpg,crazing_170.jpg,crazing,0
data/raw/NEU-CLS/rolled-in_scale/rolled-in_scale_14.jpg,rolled-in_scale_14.jpg,rolled-in_scale,4
data/raw/NEU-CLS/rolled-in_scale/rolled-in_scale_220.jpg,rolled-in_scale_220.jpg,rolled-in_scale,4
data/raw/NEU-CLS/rolled-in_scale/rolled-in_scale_282.jpg,rolled-in_scale_282.jpg,rolled-in_scale,4
data/raw/NEU-CLS/rolled-in_scale/rolled-in_scale_290.jpg,rolled-in_scale_290.jpg,rolled-in_scale,4
data/raw/NEU-CLS/rolled-in_scale/rolled-in_scale_278.jpg,rolled-in_scale_278.jpg,rolled-in_scale,4
data/raw/NEU-CLS/rolled-in_scale/rolled-in_scale_82.jpg,rolled-in_scale_82.jpg,rolled-in_scale,4
data/raw/NEU-CLS/scratches/scratches_215.jpg,scratches_215.jpg,scratches,5
data/raw/NEU-CLS/crazing/crazing_161.jpg,crazing_161.jpg,crazing,0
data/raw/NEU-CLS/inclusion/inclusion_87.jpg,inclusion_87.jpg,inclusion,1
data/raw/NEU-CLS/pitted_surface/pitted_surface_62.jpg,pitted_surface_62.jpg,pitted_surface,3
data/raw/NEU-CLS/scratches/scratches_183.jpg,scratches_183.jpg,scratches,5
data/raw/NEU-CLS/patches/patches_295.jpg,patches_295.jpg,patches,2
data/raw/NEU-CLS/pitted_surface/pitted_surface_237.jpg,pitted_surface_237.jpg,pitted_surface,3
data/raw/NEU-CLS/rolled-in_scale/rolled-in_scale_297.jpg,rolled-in_scale_297.jpg,rolled-in_scale,4
data/raw/NEU-CLS/crazing/crazing_259.jpg,crazing_259.jpg,crazing,0
data/raw/NEU-CLS/pitted_surface/pitted_surface_185.jpg,pitted_surface_185.jpg,pitted_surface,3
data/raw/NEU-CLS/pitted_surface/pitted_surface_135.jpg,pitted_surface_135.jpg,pitted_surface,3
data/raw/NEU-CLS/patches/patches_287.jpg,patches_287.jpg,patches,2
data/raw/NEU-CLS/pitted_surface/pitted_surface_23.jpg,pitted_surface_23.jpg,pitted_surface,3
data/raw/NEU-CLS/rolled-in_scale/rolled-in_scale_33.jpg,rolled-in_scale_33.jpg,rolled-in_scale,4
data/raw/NEU-CLS/rolled-in_scale/rolled-in_scale_128.jpg,rolled-in_scale_128.jpg,rolled-in_scale,4
data/raw/NEU-CLS/inclusion/inclusion_194.jpg,inclusion_194.jpg,inclusion,1
data/raw/NEU-CLS/crazing/crazing_232.jpg,crazing_232.jpg,crazing,0
data/raw/NEU-CLS/patches/patches_244.jpg,patches_244.jpg,patches,2
data/raw/NEU-CLS/scratches/scratches_291.jpg,scratches_291.jpg,scratches,5
data/raw/NEU-CLS/patches/patches_53.jpg,patches_53.jpg,patches,2
data/raw/NEU-CLS/patches/patches_31.jpg,patches_31.jpg,patches,2
data/raw/NEU-CLS/patches/patches_58.jpg,patches_58.jpg,patches,2
data/raw/NEU-CLS/pitted_surface/pitted_surface_70.jpg,pitted_surface_70.jpg,pitted_surface,3
data/raw/NEU-CLS/pitted_surface/pitted_surface_198.jpg,pitted_surface_198.jpg,pitted_surface,3
data/raw/NEU-CLS/patches/patches_237.jpg,patches_237.jpg,patches,2
data/raw/NEU-CLS/pitted_surface/pitted_surface_216.jpg,pitted_surface_216.jpg,pitted_surface,3
data/raw/NEU-CLS/rolled-in_scale/rolled-in_scale_133.jpg,rolled-in_scale_133.jpg,rolled-in_scale,4
data/raw/NEU-CLS/inclusion/inclusion_124.jpg,inclusion_124.jpg,inclusion,1
data/raw/NEU-CLS/scratches/scratches_7.jpg,scratches_7.jpg,scratches,5
data/raw/NEU-CLS/scratches/scratches_60.jpg,scratches_60.jpg,scratches,5
data/raw/NEU-CLS/pitted_surface/pitted_surface_159.jpg,pitted_surface_159.jpg,pitted_surface,3
data/raw/NEU-CLS/pitted_surface/pitted_surface_210.jpg,pitted_surface_210.jpg,pitted_surface,3
data/raw/NEU-CLS/inclusion/inclusion_272.jpg,inclusion_272.jpg,inclusion,1
data/raw/NEU-CLS/rolled-in_scale/rolled-in_scale_251.jpg,rolled-in_scale_251.jpg,rolled-in_scale,4
data/raw/NEU-CLS/patches/patches_3.jpg,patches_3.jpg,patches,2
data/raw/NEU-CLS/pitted_surface/pitted_surface_4.jpg,pitted_surface_4.jpg,pitted_surface,3
data/raw/NEU-CLS/inclusion/inclusion_74.jpg,inclusion_74.jpg,inclusion,1
data/raw/NEU-CLS/crazing/crazing_52.jpg,crazing_52.jpg,crazing,0
data/raw/NEU-CLS/scratches/scratches_108.jpg,scratches_108.jpg,scratches,5
data/raw/NEU-CLS/inclusion/inclusion_93.jpg,inclusion_93.jpg,inclusion,1
data/raw/NEU-CLS/crazing/crazing_201.jpg,crazing_201.jpg,crazing,0
data/raw/NEU-CLS/patches/patches_36.jpg,patches_36.jpg,patches,2
data/raw/NEU-CLS/pitted_surface/pitted_surface_171.jpg,pitted_surface_171.jpg,pitted_surface,3
data/raw/NEU-CLS/rolled-in_scale/rolled-in_scale_84.jpg,rolled-in_scale_84.jpg,rolled-in_scale,4
data/raw/NEU-CLS/crazing/crazing_275.jpg,crazing_275.jpg,crazing,0
data/raw/NEU-CLS/rolled-in_scale/rolled-in_scale_222.jpg,rolled-in_scale_222.jpg,rolled-in_scale,4
data/raw/NEU-CLS/scratches/scratches_178.jpg,scratches_178.jpg,scratches,5
data/raw/NEU-CLS/rolled-in_scale/rolled-in_scale_238.jpg,rolled-in_scale_238.jpg,rolled-in_scale,4
data/raw/NEU-CLS/pitted_surface/pitted_surface_172.jpg,pitted_surface_172.jpg,pitted_surface,3
data/raw/NEU-CLS/inclusion/inclusion_177.jpg,inclusion_177.jpg,inclusion,1
data/raw/NEU-CLS/inclusion/inclusion_64.jpg,inclusion_64.jpg,inclusion,1
data/raw/NEU-CLS/crazing/crazing_71.jpg,crazing_71.jpg,crazing,0
data/raw/NEU-CLS/scratches/scratches_13.jpg,scratches_13.jpg,scratches,5
data/raw/NEU-CLS/patches/patches_189.jpg,patches_189.jpg,patches,2
data/raw/NEU-CLS/patches/patches_7.jpg,patches_7.jpg,patches,2
data/raw/NEU-CLS/scratches/scratches_260.jpg,scratches_260.jpg,scratches,5
data/raw/NEU-CLS/inclusion/inclusion_269.jpg,inclusion_269.jpg,inclusion,1
data/raw/NEU-CLS/crazing/crazing_57.jpg,crazing_57.jpg,crazing,0
data/raw/NEU-CLS/inclusion/inclusion_23.jpg,inclusion_23.jpg,inclusion,1
data/raw/NEU-CLS/pitted_surface/pitted_surface_114.jpg,pitted_surface_114.jpg,pitted_surface,3
data/raw/NEU-CLS/inclusion/inclusion_88.jpg,inclusion_88.jpg,inclusion,1
data/raw/NEU-CLS/patches/patches_298.jpg,patches_298.jpg,patches,2
data/raw/NEU-CLS/scratches/scratches_20.jpg,scratches_20.jpg,scratches,5
data/raw/NEU-CLS/pitted_surface/pitted_surface_129.jpg,pitted_surface_129.jpg,pitted_surface,3
data/raw/NEU-CLS/rolled-in_scale/rolled-in_scale_264.jpg,rolled-in_scale_264.jpg,rolled-in_scale,4
data/raw/NEU-CLS/scratches/scratches_117.jpg,scratches_117.jpg,scratches,5
data/raw/NEU-CLS/scratches/scratches_231.jpg,scratches_231.jpg,scratches,5
data/raw/NEU-CLS/patches/patches_202.jpg,patches_202.jpg,patches,2
data/raw/NEU-CLS/crazing/crazing_7.jpg,crazing_7.jpg,crazing,0
data/raw/NEU-CLS/scratches/scratches_190.jpg,scratches_190.jpg,scratches,5
data/raw/NEU-CLS/crazing/crazing_277.jpg,crazing_277.jpg,crazing,0
data/raw/NEU-CLS/rolled-in_scale/rolled-in_scale_215.jpg,rolled-in_scale_215.jpg,rolled-in_scale,4
data/raw/NEU-CLS/pitted_surface/pitted_surface_199.jpg,pitted_surface_199.jpg,pitted_surface,3
data/raw/NEU-CLS/inclusion/inclusion_80.jpg,inclusion_80.jpg,inclusion,1
data/raw/NEU-CLS/rolled-in_scale/rolled-in_scale_98.jpg,rolled-in_scale_98.jpg,rolled-in_scale,4
data/raw/NEU-CLS/patches/patches_51.jpg,patches_51.jpg,patches,2
data/raw/NEU-CLS/rolled-in_scale/rolled-in_scale_170.jpg,rolled-in_scale_170.jpg,rolled-in_scale,4
data/raw/NEU-CLS/scratches/scratches_196.jpg,scratches_196.jpg,scratches,5
data/raw/NEU-CLS/scratches/scratches_75.jpg,scratches_75.jpg,scratches,5
data/raw/NEU-CLS/patches/patches_102.jpg,patches_102.jpg,patches,2
data/raw/NEU-CLS/crazing/crazing_50.jpg,crazing_50.jpg,crazing,0
data/raw/NEU-CLS/inclusion/inclusion_285.jpg,inclusion_285.jpg,inclusion,1
data/raw/NEU-CLS/crazing/crazing_124.jpg,crazing_124.jpg,crazing,0
data/raw/NEU-CLS/pitted_surface/pitted_surface_138.jpg,pitted_surface_138.jpg,pitted_surface,3
data/raw/NEU-CLS/scratches/scratches_256.jpg,scratches_256.jpg,scratches,5
data/raw/NEU-CLS/rolled-in_scale/rolled-in_scale_96.jpg,rolled-in_scale_96.jpg,rolled-in_scale,4
data/raw/NEU-CLS/patches/patches_89.jpg,patches_89.jpg,patches,2
data/raw/NEU-CLS/inclusion/inclusion_71.jpg,inclusion_71.jpg,inclusion,1
data/raw/NEU-CLS/patches/patches_183.jpg,patches_183.jpg,patches,2
data/raw/NEU-CLS/rolled-in_scale/rolled-in_scale_140.jpg,rolled-in_scale_140.jpg,rolled-in_scale,4
data/raw/NEU-CLS/crazing/crazing_250.jpg,crazing_250.jpg,crazing,0
data/raw/NEU-CLS/scratches/scratches_204.jpg,scratches_204.jpg,scratches,5
data/raw/NEU-CLS/rolled-in_scale/rolled-in_scale_85.jpg,rolled-in_scale_85.jpg,rolled-in_scale,4
data/raw/NEU-CLS/patches/patches_146.jpg,patches_146.jpg,patches,2
data/raw/NEU-CLS/inclusion/inclusion_219.jpg,inclusion_219.jpg,inclusion,1
data/raw/NEU-CLS/patches/patches_172.jpg,patches_172.jpg,patches,2
data/raw/NEU-CLS/rolled-in_scale/rolled-in_scale_109.jpg,rolled-in_scale_109.jpg,rolled-in_scale,4
data/raw/NEU-CLS/inclusion/inclusion_33.jpg,inclusion_33.jpg,inclusion,1
data/raw/NEU-CLS/rolled-in_scale/rolled-in_scale_139.jpg,rolled-in_scale_139.jpg,rolled-in_scale,4
data/raw/NEU-CLS/inclusion/inclusion_220.jpg,inclusion_220.jpg,inclusion,1
data/raw/NEU-CLS/patches/patches_114.jpg,patches_114.jpg,patches,2
data/raw/NEU-CLS/inclusion/inclusion_106.jpg,inclusion_106.jpg,inclusion,1
data/raw/NEU-CLS/crazing/crazing_126.jpg,crazing_126.jpg,crazing,0
data/raw/NEU-CLS/crazing/crazing_95.jpg,crazing_95.jpg,crazing,0
data/raw/NEU-CLS/rolled-in_scale/rolled-in_scale_267.jpg,rolled-in_scale_267.jpg,rolled-in_scale,4
data/raw/NEU-CLS/pitted_surface/pitted_surface_193.jpg,pitted_surface_193.jpg,pitted_surface,3
data/raw/NEU-CLS/crazing/crazing_84.jpg,crazing_84.jpg,crazing,0
data/raw/NEU-CLS/scratches/scratches_290.jpg,scratches_290.jpg,scratches,5
data/raw/NEU-CLS/inclusion/inclusion_207.jpg,inclusion_207.jpg,inclusion,1
data/raw/NEU-CLS/patches/patches_22.jpg,patches_22.jpg,patches,2
data/raw/NEU-CLS/scratches/scratches_285.jpg,scratches_285.jpg,scratches,5
data/raw/NEU-CLS/inclusion/inclusion_214.jpg,inclusion_214.jpg,inclusion,1
data/raw/NEU-CLS/inclusion/inclusion_165.jpg,inclusion_165.jpg,inclusion,1
data/raw/NEU-CLS/scratches/scratches_57.jpg,scratches_57.jpg,scratches,5
data/raw/NEU-CLS/rolled-in_scale/rolled-in_scale_235.jpg,rolled-in_scale_235.jpg,rolled-in_scale,4
data/raw/NEU-CLS/pitted_surface/pitted_surface_110.jpg,pitted_surface_110.jpg,pitted_surface,3
data/raw/NEU-CLS/inclusion/inclusion_117.jpg,inclusion_117.jpg,inclusion,1
data/raw/NEU-CLS/inclusion/inclusion_211.jpg,inclusion_211.jpg,inclusion,1
data/raw/NEU-CLS/crazing/crazing_69.jpg,crazing_69.jpg,crazing,0
data/raw/NEU-CLS/inclusion/inclusion_174.jpg,inclusion_174.jpg,inclusion,1
data/raw/NEU-CLS/patches/patches_224.jpg,patches_224.jpg,patches,2
data/raw/NEU-CLS/rolled-in_scale/rolled-in_scale_228.jpg,rolled-in_scale_228.jpg,rolled-in_scale,4
data/raw/NEU-CLS/patches/patches_99.jpg,patches_99.jpg,patches,2
data/raw/NEU-CLS/pitted_surface/pitted_surface_195.jpg,pitted_surface_195.jpg,pitted_surface,3
data/raw/NEU-CLS/crazing/crazing_16.jpg,crazing_16.jpg,crazing,0
data/raw/NEU-CLS/pitted_surface/pitted_surface_238.jpg,pitted_surface_238.jpg,pitted_surface,3
data/raw/NEU-CLS/rolled-in_scale/rolled-in_scale_132.jpg,rolled-in_scale_132.jpg,rolled-in_scale,4
data/raw/NEU-CLS/rolled-in_scale/rolled-in_scale_32.jpg,rolled-in_scale_32.jpg,rolled-in_scale,4
data/raw/NEU-CLS/crazing/crazing_17.jpg,crazing_17.jpg,crazing,0
data/raw/NEU-CLS/patches/patches_291.jpg,patches_291.jpg,patches,2
data/raw/NEU-CLS/pitted_surface/pitted_surface_286.jpg,pitted_surface_286.jpg,pitted_surface,3
data/raw/NEU-CLS/crazing/crazing_62.jpg,crazing_62.jpg,crazing,0
data/raw/NEU-CLS/scratches/scratches_73.jpg,scratches_73.jpg,scratches,5
data/raw/NEU-CLS/inclusion/inclusion_193.jpg,inclusion_193.jpg,inclusion,1
data/raw/NEU-CLS/rolled-in_scale/rolled-in_scale_141.jpg,rolled-in_scale_141.jpg,rolled-in_scale,4
data/raw/NEU-CLS/inclusion/inclusion_180.jpg,inclusion_180.jpg,inclusion,1
data/raw/NEU-CLS/patches/patches_35.jpg,patches_35.jpg,patches,2
data/raw/NEU-CLS/rolled-in_scale/rolled-in_scale_21.jpg,rolled-in_scale_21.jpg,rolled-in_scale,4
data/raw/NEU-CLS/scratches/scratches_262.jpg,scratches_262.jpg,scratches,5
data/raw/NEU-CLS/inclusion/inclusion_69.jpg,inclusion_69.jpg,inclusion,1
data/raw/NEU-CLS/patches/patches_151.jpg,patches_151.jpg,patches,2
data/raw/NEU-CLS/rolled-in_scale/rolled-in_scale_217.jpg,rolled-in_scale_217.jpg,rolled-in_scale,4
data/raw/NEU-CLS/crazing/crazing_196.jpg,crazing_196.jpg,crazing,0
data/raw/NEU-CLS/rolled-in_scale/rolled-in_scale_241.jpg,rolled-in_scale_241.jpg,rolled-in_scale,4
data/raw/NEU-CLS/patches/patches_33.jpg,patches_33.jpg,patches,2
data/raw/NEU-CLS/pitted_surface/pitted_surface_181.jpg,pitted_surface_181.jpg,pitted_surface,3
data/raw/NEU-CLS/patches/patches_206.jpg,patches_206.jpg,patches,2
data/raw/NEU-CLS/pitted_surface/pitted_surface_32.jpg,pitted_surface_32.jpg,pitted_surface,3
data/raw/NEU-CLS/inclusion/inclusion_148.jpg,inclusion_148.jpg,inclusion,1
data/raw/NEU-CLS/crazing/crazing_54.jpg,crazing_54.jpg,crazing,0
data/raw/NEU-CLS/rolled-in_scale/rolled-in_scale_163.jpg,rolled-in_scale_163.jpg,rolled-in_scale,4
data/raw/NEU-CLS/crazing/crazing_278.jpg,crazing_278.jpg,crazing,0
data/raw/NEU-CLS/rolled-in_scale/rolled-in_scale_209.jpg,rolled-in_scale_209.jpg,rolled-in_scale,4
data/raw/NEU-CLS/rolled-in_scale/rolled-in_scale_158.jpg,rolled-in_scale_158.jpg,rolled-in_scale,4
data/raw/NEU-CLS/inclusion/inclusion_128.jpg,inclusion_128.jpg,inclusion,1
data/raw/NEU-CLS/crazing/crazing_160.jpg,crazing_160.jpg,crazing,0
data/raw/NEU-CLS/patches/patches_63.jpg,patches_63.jpg,patches,2
data/raw/NEU-CLS/crazing/crazing_293.jpg,crazing_293.jpg,crazing,0
data/raw/NEU-CLS/pitted_surface/pitted_surface_265.jpg,pitted_surface_265.jpg,pitted_surface,3
data/raw/NEU-CLS/rolled-in_scale/rolled-in_scale_227.jpg,rolled-in_scale_227.jpg,rolled-in_scale,4
data/raw/NEU-CLS/scratches/scratches_237.jpg,scratches_237.jpg,scratches,5
data/raw/NEU-CLS/rolled-in_scale/rolled-in_scale_35.jpg,rolled-in_scale_35.jpg,rolled-in_scale,4
data/raw/NEU-CLS/inclusion/inclusion_79.jpg,inclusion_79.jpg,inclusion,1
data/raw/NEU-CLS/patches/patches_289.jpg,patches_289.jpg,patches,2
data/raw/NEU-CLS/pitted_surface/pitted_surface_283.jpg,pitted_surface_283.jpg,pitted_surface,3
data/raw/NEU-CLS/rolled-in_scale/rolled-in_scale_218.jpg,rolled-in_scale_218.jpg,rolled-in_scale,4
data/raw/NEU-CLS/inclusion/inclusion_171.jpg,inclusion_171.jpg,inclusion,1
data/raw/NEU-CLS/inclusion/inclusion_156.jpg,inclusion_156.jpg,inclusion,1
data/raw/NEU-CLS/pitted_surface/pitted_surface_10.jpg,pitted_surface_10.jpg,pitted_surface,3
data/raw/NEU-CLS/inclusion/inclusion_263.jpg,inclusion_263.jpg,inclusion,1
data/raw/NEU-CLS/pitted_surface/pitted_surface_28.jpg,pitted_surface_28.jpg,pitted_surface,3
data/raw/NEU-CLS/pitted_surface/pitted_surface_21.jpg,pitted_surface_21.jpg,pitted_surface,3
data/raw/NEU-CLS/scratches/scratches_297.jpg,scratches_297.jpg,scratches,5
data/raw/NEU-CLS/crazing/crazing_254.jpg,crazing_254.jpg,crazing,0
data/raw/NEU-CLS/rolled-in_scale/rolled-in_scale_11.jpg,rolled-in_scale_11.jpg,rolled-in_scale,4
data/raw/NEU-CLS/crazing/crazing_205.jpg,crazing_205.jpg,crazing,0
data/raw/NEU-CLS/rolled-in_scale/rolled-in_scale_25.jpg,rolled-in_scale_25.jpg,rolled-in_scale,4
data/raw/NEU-CLS/rolled-in_scale/rolled-in_scale_38.jpg,rolled-in_scale_38.jpg,rolled-in_scale,4
data/raw/NEU-CLS/rolled-in_scale/rolled-in_scale_138.jpg,rolled-in_scale_138.jpg,rolled-in_scale,4
data/raw/NEU-CLS/rolled-in_scale/rolled-in_scale_225.jpg,rolled-in_scale_225.jpg,rolled-in_scale,4
data/raw/NEU-CLS/crazing/crazing_14.jpg,crazing_14.jpg,crazing,0
data/raw/NEU-CLS/rolled-in_scale/rolled-in_scale_168.jpg,rolled-in_scale_168.jpg,rolled-in_scale,4
data/raw/NEU-CLS/pitted_surface/pitted_surface_40.jpg,pitted_surface_40.jpg,pitted_surface,3
data/raw/NEU-CLS/scratches/scratches_156.jpg,scratches_156.jpg,scratches,5
data/raw/NEU-CLS/patches/patches_120.jpg,patches_120.jpg,patches,2
data/raw/NEU-CLS/rolled-in_scale/rolled-in_scale_93.jpg,rolled-in_scale_93.jpg,rolled-in_scale,4
data/raw/NEU-CLS/inclusion/inclusion_99.jpg,inclusion_99.jpg,inclusion,1
data/raw/NEU-CLS/crazing/crazing_200.jpg,crazing_200.jpg,crazing,0
data/raw/NEU-CLS/rolled-in_scale/rolled-in_scale_57.jpg,rolled-in_scale_57.jpg,rolled-in_scale,4
data/raw/NEU-CLS/crazing/crazing_223.jpg,crazing_223.jpg,crazing,0
data/raw/NEU-CLS/scratches/scratches_150.jpg,scratches_150.jpg,scratches,5
data/raw/NEU-CLS/patches/patches_222.jpg,patches_222.jpg,patches,2
data/raw/NEU-CLS/crazing/crazing_276.jpg,crazing_276.jpg,crazing,0
data/raw/NEU-CLS/inclusion/inclusion_221.jpg,inclusion_221.jpg,inclusion,1
data/raw/NEU-CLS/inclusion/inclusion_199.jpg,inclusion_199.jpg,inclusion,1
data/raw/NEU-CLS/crazing/crazing_218.jpg,crazing_218.jpg,crazing,0
data/raw/NEU-CLS/scratches/scratches_177.jpg,scratches_177.jpg,scratches,5
data/raw/NEU-CLS/pitted_surface/pitted_surface_15.jpg,pitted_surface_15.jpg,pitted_surface,3
data/raw/NEU-CLS/patches/patches_17.jpg,patches_17.jpg,patches,2
data/raw/NEU-CLS/inclusion/inclusion_198.jpg,inclusion_198.jpg,inclusion,1
data/raw/NEU-CLS/scratches/scratches_278.jpg,scratches_278.jpg,scratches,5
data/raw/NEU-CLS/pitted_surface/pitted_surface_242.jpg,pitted_surface_242.jpg,pitted_surface,3
data/raw/NEU-CLS/crazing/crazing_103.jpg,crazing_103.jpg,crazing,0
data/raw/NEU-CLS/pitted_surface/pitted_surface_230.jpg,pitted_surface_230.jpg,pitted_surface,3
data/raw/NEU-CLS/inclusion/inclusion_4.jpg,inclusion_4.jpg,inclusion,1
data/raw/NEU-CLS/patches/patches_296.jpg,patches_296.jpg,patches,2
data/raw/NEU-CLS/rolled-in_scale/rolled-in_scale_271.jpg,rolled-in_scale_271.jpg,rolled-in_scale,4
